cohort,age,revenue
2009-12,0,683504.01
2009-12,1,394723.981
2009-12,2,295931.572
2009-12,3,378663.12
2009-12,4,305901.29
2009-12,5,305066.66
2009-12,6,301963.28
2009-12,7,312812.83
2009-12,8,331787.09
2009-12,9,391539.48
2009-12,10,460559.66000000003
2009-12,11,571512.942
2009-12,12,343430.89
2009-12,13,308663.89
2009-12,14,215062.67
2009-12,15,256376.35
2009-12,16,163073.421
2009-12,17,286209.39
2009-12,18,279982.71
2009-12,19,254244.84
2009-12,20,273833.38
2009-12,21,376156.511
2009-12,22,414950.35
2009-12,23,446632.65
2009-12,24,163414.18
2010-01,0,161078.691
2010-01,1,38985.35
2010-01,2,50955.47
2010-01,3,57400.211
2010-01,4,58528.89
2010-01,5,60795.090000000004
2010-01,6,51990.1
2010-01,7,48004.07
2010-01,8,60459.54
2010-01,9,74544.04
2010-01,10,76602.0
2010-01,11,39667.04
2010-01,12,42528.8
2010-01,13,34626.200000000004
2010-01,14,48334.91
2010-01,15,30963.83
2010-01,16,49887.18
2010-01,17,40794.9
2010-01,18,47788.47
2010-01,19,42644.37
2010-01,20,59080.64
2010-01,21,59783.83
2010-01,22,58412.73
2010-01,23,8807.58
2010-02,0,169642.034
2010-02,1,33174.62
2010-02,2,54677.76
2010-02,3,53236.91
2010-02,4,43906.71
2010-02,5,39565.7
2010-02,6,40078.67
2010-02,7,51089.571
2010-02,8,52810.88
2010-02,9,54630.03
2010-02,10,24608.22
2010-02,11,18969.02
2010-02,12,27773.95
2010-02,13,34440.25
2010-02,14,20696.93
2010-02,15,37949.95
2010-02,16,29949.07
2010-02,17,33379.19
2010-02,18,25452.85
2010-02,19,45351.94
2010-02,20,45876.41
2010-02,21,38482.65
2010-02,22,11143.89
2010-03,0,234185.261
2010-03,1,49737.45
2010-03,2,51722.75
2010-03,3,64507.63
2010-03,4,50115.97
2010-03,5,55850.23
2010-03,6,65378.39
2010-03,7,81126.03
2010-03,8,76267.27
2010-03,9,21162.8
2010-03,10,24671.99
2010-03,11,30097.21
2010-03,12,43607.19
2010-03,13,41927.37
2010-03,14,47310.94
2010-03,15,31752.97
2010-03,16,42538.51
2010-03,17,49959.38
2010-03,18,47404.62
2010-03,19,57324.0
2010-03,20,62223.16
2010-03,21,17257.79
2010-04,0,124265.291
2010-04,1,18871.04
2010-04,2,20579.41
2010-04,3,30099.75
2010-04,4,22224.760000000002
2010-04,5,30769.05
2010-04,6,35105.3
2010-04,7,32670.45
2010-04,8,10302.550000000001
2010-04,9,17661.73
2010-04,10,6498.14
2010-04,11,16954.37
2010-04,12,21429.66
2010-04,13,22614.4
2010-04,14,16747.04
2010-04,15,22450.36
2010-04,16,17851.94
2010-04,17,19359.41
2010-04,18,32099.9
2010-04,19,29883.44
2010-04,20,4942.32
2010-05,0,110407.13
2010-05,1,13574.65
2010-05,2,14065.4
2010-05,3,12685.68
2010-05,4,16861.31
2010-05,5,31174.36
2010-05,6,23140.53
2010-05,7,9030.48
2010-05,8,5879.5199999999995
2010-05,9,7238.21
2010-05,10,9263.98
2010-05,11,13201.06
2010-05,12,17411.74
2010-05,13,18100.47
2010-05,14,10314.72
2010-05,15,14712.35
2010-05,16,22168.65
2010-05,17,17589.7
2010-05,18,15874.58
2010-05,19,3417.78
2010-06,0,131044.36
2010-06,1,16038.77
2010-06,2,22546.5
2010-06,3,25780.81
2010-06,4,34934.4
2010-06,5,48306.229999999996
2010-06,6,15921.01
2010-06,7,17269.38
2010-06,8,23850.97
2010-06,9,28526.94
2010-06,10,12458.01
2010-06,11,29939.65
2010-06,12,40341.98
2010-06,13,16108.24
2010-06,14,45798.64
2010-06,15,18715.65
2010-06,16,38368.76
2010-06,17,27844.58
2010-06,18,4447.42
2010-07,0,75047.65
2010-07,1,8384.3
2010-07,2,13690.61
2010-07,3,24927.85
2010-07,4,28658.5
2010-07,5,9001.85
2010-07,6,9095.050000000001
2010-07,7,10467.05
2010-07,8,10378.25
2010-07,9,9946.03
2010-07,10,9192.18
2010-07,11,12650.06
2010-07,12,12283.53
2010-07,13,14311.51
2010-07,14,15681.11
2010-07,15,15625.79
2010-07,16,22590.65
2010-07,17,7183.3
2010-08,0,60663.3
2010-08,1,13797.99
2010-08,2,23029.07
2010-08,3,23403.83
2010-08,4,14214.98
2010-08,5,5428.84
2010-08,6,5303.23
2010-08,7,7279.92
2010-08,8,9854.03
2010-08,9,9831.210000000001
2010-08,10,7242.49
2010-08,11,6992.87
2010-08,12,11195.27
2010-08,13,18300.55
2010-08,14,19485.88
2010-08,15,19734.22
2010-08,16,5620.11
2010-09,0,159647.2
2010-09,1,29633.55
2010-09,2,32174.95
2010-09,3,12190.99
2010-09,4,26219.85
2010-09,5,8267.87
2010-09,6,26073.17
2010-09,7,10859.1
2010-09,8,29454.3
2010-09,9,14726.949999999999
2010-09,10,19943.94
2010-09,11,25898.68
2010-09,12,102850.991
2010-09,13,25446.67
2010-09,14,44492.21
2010-09,15,5484.610000000001
2010-10,0,185266.87
2010-10,1,46538.18
2010-10,2,18826.49
2010-10,3,24273.94
2010-10,4,12785.04
2010-10,5,11182.61
2010-10,6,17584.0
2010-10,7,16023.93
2010-10,8,22237.9
2010-10,9,19500.24
2010-10,10,13663.9
2010-10,11,21028.88
2010-10,12,49844.25
2010-10,13,56331.61
2010-10,14,10554.02
2010-11,0,152555.11
2010-11,1,24746.56
2010-11,2,14253.59
2010-11,3,9632.81
2010-11,4,9740.7
2010-11,5,10637.16
2010-11,6,15671.87
2010-11,7,11182.19
2010-11,8,9612.62
2010-11,9,11056.41
2010-11,10,14714.4
2010-11,11,19854.77
2010-11,12,40060.11
2010-11,13,6310.900000000001
2010-12,0,27318.87
2010-12,1,2297.77
2010-12,2,7007.2699999999995
2010-12,3,1443.48
2010-12,4,6146.62
2010-12,5,1065.3600000000001
2010-12,6,730.12
2010-12,7,4848.9400000000005
2010-12,8,600.24
2010-12,9,500.83000000000004
2010-12,10,1622.54
2010-12,11,8559.25
2010-12,12,468.63
2011-01,0,50887.94
2011-01,1,3775.08
2011-01,2,3980.2
2011-01,3,26463.780000000002
2011-01,4,8078.03
2011-01,5,6446.85
2011-01,6,5107.55
2011-01,7,5544.7699999999995
2011-01,8,4493.9400000000005
2011-01,9,11431.02
2011-01,10,10449.380000000001
2011-01,11,3621.94
2011-02,0,43699.22
2011-02,1,8496.49
2011-02,2,16401.49
2011-02,3,10623.36
2011-02,4,9229.11
2011-02,5,5524.9400000000005
2011-02,6,7969.63
2011-02,7,10085.07
2011-02,8,9526.97
2011-02,9,12314.17
2011-02,10,2799.57
2011-03,0,78002.95
2011-03,1,15647.85
2011-03,2,20373.59
2011-03,3,16778.1
2011-03,4,16643.85
2011-03,5,10823.81
2011-03,6,15598.1
2011-03,7,18676.05
2011-03,8,21859.61
2011-03,9,6328.52
2011-04,0,41083.99
2011-04,1,13350.44
2011-04,2,7711.63
2011-04,3,7225.39
2011-04,4,5767.83
2011-04,5,11192.34
2011-04,6,6117.46
2011-04,7,11394.93
2011-04,8,3924.77
2011-05,0,52367.63
2011-05,1,9308.33
2011-05,2,10346.39
2011-05,3,6448.99
2011-05,4,10549.32
2011-05,5,10462.91
2011-05,6,14171.39
2011-05,7,172634.07
2011-06,0,84133.18000000001
2011-06,1,10236.66
2011-06,2,7880.16
2011-06,3,10922.42
2011-06,4,9797.58
2011-06,5,14705.56
2011-06,6,2473.48
2011-07,0,43871.651
2011-07,1,7644.76
2011-07,2,11479.19
2011-07,3,12176.93
2011-07,4,14689.83
2011-07,5,4511.4400000000005
2011-08,0,44992.17
2011-08,1,18662.47
2011-08,2,31382.510000000002
2011-08,3,40007.67
2011-08,4,13965.72
2011-09,0,96393.17
2011-09,1,20242.94
2011-09,2,31315.2
2011-09,3,10239.39
2011-10,0,107955.23
2011-10,1,33488.59
2011-10,2,10998.75
2011-11,0,80687.44
2011-11,1,12833.9
2011-12,0,23824.36
