customer,first,last,frequency,monetary,recency,tenure,aov,recent_orders,inactive,cutoff,risk,future_revenue,simple_revenue,expected_purchases,expected_order_value,observed_future_revenue,priority,segment
12766,2010-10-28 09:29:00,2011-01-09 15:56:00,4,3765.13,29.336111111111112,102.6048611111111,941.2825,3,0,2011-02-08,0.32472604718313897,1363.382429888092,2814.708834951456,1.671800411625543,815.5174627349405,2179.94,442.7257872565032,High value / Low risk
15379,2010-11-04 11:59:00,2011-01-20 14:01:00,4,3856.64,18.415972222222223,95.50069444444445,964.16,3,0,2011-02-08,0.32084459687395894,1335.661032580957,3093.3466666666664,1.7464548505664812,764.7841752952967,371.84000000000003,428.5396255586929,High value / Low risk
12578,2010-09-22 11:19:00,2011-01-13 15:34:00,3,3456.6000000000004,25.351388888888888,138.52847222222223,1152.2,2,1,2011-02-08,0.43630742692545127,942.7268732104711,1914.8071942446045,1.009128848050342,934.1987150915754,0.0,411.3187363439368,High value / Low risk
17404,2010-01-07 11:31:00,2011-01-28 10:00:00,11,22647.36,10.583333333333334,396.5201388888889,2058.850909090909,3,0,2011-02-08,0.11087810195285483,3690.961136015447,4392.561007556676,1.7768546591571917,2077.2442568635106,4522.679999999999,409.24676514314564,High value / Low risk
14016,2010-01-08 14:12:00,2010-12-17 14:21:00,8,7815.94,52.40208333333333,395.40833333333336,976.9925,1,0,2011-02-08,0.31947400673726023,1118.500333270098,1519.766111111111,1.2800816921879303,873.7726194320805,1477.56,357.3317830067591,High value / Low risk
13725,2011-02-04 12:18:00,2011-02-07 15:14:00,2,1168.63,0.36527777777777776,3.4875,584.315,2,0,2011-02-08,0.594186523805998,585.7159879791976,22496.127500000002,1.8078793251530199,323.979581950041,430.17,348.0245468349552,High value / High risk
12476,2010-07-26 09:04:00,2011-01-31 11:46:00,14,7829.52,7.509722222222222,196.62222222222223,559.2514285714286,2,0,2011-02-08,0.16973024614347854,1974.7154162857737,2185.906598984772,2.828146958354605,698.2364938470696,1571.8700000000001,335.16893366950603,High value / Low risk
17284,2010-09-20 16:18:00,2011-01-07 14:31:00,3,1856.69,31.395138888888887,140.32083333333333,618.8966666666666,2,0,2011-02-08,0.4886593269069683,670.6411984394923,1013.9370921985816,0.9985569809137385,671.6103449858376,207.24,327.7150766255249,High value / High risk
17204,2010-06-10 11:37:00,2010-11-30 17:58:00,5,3940.13,69.25138888888888,242.51597222222222,788.0260000000001,2,0,2011-02-08,0.3532791950059306,914.7368845017126,998.8148477366256,0.9166975326214291,997.8611831602625,1250.16,323.1575101989979,High value / Low risk
13615,2010-01-28 15:43:00,2011-01-25 08:21:00,8,6272.53,13.652083333333334,375.34513888888887,784.06625,1,1,2011-02-08,0.32773299174611736,979.2430523472323,1284.5340691489362,1.3402143905793438,730.6614965714016,0.0,320.93025519235823,High value / Low risk
12678,2010-01-07 16:46:00,2010-12-21 14:26:00,11,16874.0,48.39861111111111,396.3013888888889,1534.0,3,0,2011-02-08,0.12534234399284586,2418.3044466571014,2975.2644836272043,1.6082311736562191,1503.704496138592,3730.56,303.1159478323232,High value / Low risk
15781,2011-02-07 09:15:00,2011-02-07 09:15:00,1,83.35,0.6145833333333334,0.6145833333333334,83.35,1,1,2011-02-08,0.8826156273343732,340.5622803329826,6417.95,0.8176785786656916,416.4989633074657,0.0,300.5855907025201,High value / High risk
13027,2010-01-20 10:41:00,2010-12-20 12:45:00,14,11767.2,49.46875,383.5548611111111,840.5142857142857,2,0,2011-02-08,0.15456096371841344,1942.6340781341762,2359.5687500000004,2.3331813972779414,832.6116779435126,2400.0,300.2553952686499,High value / Low risk
18198,2011-01-07 13:39:00,2011-02-02 10:06:00,2,604.1,5.579166666666667,31.43125,302.05,2,0,2011-02-08,0.6365708741586993,470.8586259944688,1453.6156250000001,1.2969298488951957,363.05635682267246,1538.5500000000002,299.7348871544631,High value / High risk
13815,2010-02-12 10:26:00,2011-01-25 12:16:00,5,4460.39,13.488888888888889,360.5652777777778,892.0780000000001,1,1,2011-02-08,0.42719889005288736,694.1749050679335,951.3851246537397,0.8481077967895653,818.498435806945,0.0,296.5507489475897,High value / Low risk
16676,2010-10-17 13:07:00,2011-01-06 13:00:00,3,1234.6,32.458333333333336,113.45347222222222,411.5333333333333,1,0,2011-02-08,0.6257061646625671,471.36550911702136,833.8964912280701,1.1456732579506317,411.43101302739234,329.24,294.9363048638298,High value / High risk
13118,2010-09-26 15:46:00,2010-11-28 13:53:00,4,1217.6,71.42152777777778,134.34305555555557,304.4,1,0,2011-02-08,0.5898184966592488,493.81988893272285,694.4829629629629,1.3913322642616544,354.9259236037201,614.48,291.2641045107358,High value / High risk
15392,2010-10-04 12:50:00,2010-12-14 15:50:00,4,1715.0700000000002,55.34027777777778,126.46527777777777,428.76750000000004,2,1,2011-02-08,0.4578118213407231,633.273251586706,1039.8455905511812,1.457378080197721,434.5291453133359,0.0,289.91998071527183,High value / Low risk
13198,2010-10-01 13:27:00,2011-01-25 13:26:00,4,2757.73,13.440277777777778,129.43958333333333,689.4325,3,0,2011-02-08,0.3406634221033837,844.5326121538969,1633.4246923076923,1.4476752589558977,583.3715862236926,903.01,287.7013697342562,High value / Low risk
17162,2011-02-07 12:27:00,2011-02-07 12:27:00,1,424.41,0.48125,0.48125,424.41,1,0,2011-02-08,0.8151160356650688,340.5622803329826,32679.570000000003,0.8176785786656916,416.4989633074657,394.90000000000003,277.5977758420766,High value / High risk
14842,2011-02-04 15:32:00,2011-02-04 15:32:00,1,310.0,3.352777777777778,3.352777777777778,310.0,1,1,2011-02-08,0.8281331633209217,326.3945665902512,5967.5,0.7836623745670692,416.4989633074657,0.0,270.29816492114594,Low value / High risk
15589,2011-02-02 10:46:00,2011-02-02 10:46:00,1,184.95,5.551388888888889,5.551388888888889,184.95,1,0,2011-02-08,0.8502959974246037,317.5887493145867,2373.5249999999996,0.7625199035132724,416.4989633074657,293.58,270.04444236927895,Low value / High risk
14778,2011-02-04 11:43:00,2011-02-04 11:43:00,1,334.05,3.5118055555555556,3.5118055555555556,334.05,1,1,2011-02-08,0.8245284854620047,326.3945665902512,6430.462500000001,0.7836623745670692,416.4989633074657,0.0,269.1216176536873,Low value / High risk
14587,2011-01-12 13:16:00,2011-02-01 12:54:00,2,358.25,6.4625,26.447222222222223,179.125,2,0,2011-02-08,0.6777753233918209,396.30014012546064,1021.6759259259259,1.3642632770519179,290.48655548497857,706.1,268.60245563375804,High value / High risk
17672,2010-01-26 17:20:00,2011-02-03 13:29:00,6,3778.3,4.438194444444444,377.27777777777777,629.7166666666667,1,1,2011-02-08,0.4045153909635716,658.6388094909014,641.378086419753,0.8160237162171169,807.1319453118191,0.0,266.4295355249933,High value / Low risk
14779,2011-01-20 12:04:00,2011-01-21 12:40:00,2,348.15,17.47222222222222,18.497222222222224,174.075,2,0,2011-02-08,0.6885960242121244,383.46245272579085,1410.923684210526,1.475321454493536,259.91789894862603,38.0,264.05072038160927,High value / High risk
14502,2011-01-30 15:52:00,2011-01-30 15:52:00,1,152.07,8.338888888888889,8.338888888888889,152.07,1,0,2011-02-08,0.8577124862289709,305.2390196624895,1301.0433333333333,0.7328686180598186,416.4989633074657,907.87,261.8073184488076,Low value / High risk
17619,2011-01-31 14:18:00,2011-01-31 14:18:00,1,214.37,7.404166666666667,7.404166666666667,214.37,1,1,2011-02-08,0.8435597801093803,309.24711254671445,2063.31125,0.7424919142437905,416.4989633074657,0.0,260.8684262593672,Low value / High risk
13494,2011-02-01 11:58:00,2011-02-01 11:58:00,1,316.26000000000005,6.501388888888889,6.501388888888889,316.26000000000005,1,1,2011-02-08,0.8261277905612495,313.36223758772576,3478.8600000000006,0.7523721910356764,416.4989633074657,0.0,258.87725298367724,Low value / High risk
12472,2009-12-14 10:49:00,2011-01-26 12:27:00,14,12133.84,12.48125,420.5493055555556,866.7028571428572,2,0,2011-02-08,0.14788756186864616,1732.809359382115,2219.2533966745846,2.162092264902869,801.4502375826967,592.18,256.2609513421916,High value / Low risk
16128,2010-07-16 16:30:00,2010-11-24 15:26:00,6,1920.8300000000002,75.35694444444445,206.3125,320.1383333333334,1,0,2011-02-08,0.48459480966985785,528.2168950926672,595.4263687600645,1.311107608294594,402.87836921314056,388.3,255.97116574183434,High value / High risk
12502,2011-02-03 10:41:00,2011-02-03 10:41:00,1,617.25,4.554861111111111,4.554861111111111,617.25,1,0,2011-02-08,0.7928080477066841,321.9312420362187,9505.65,0.7729460824577474,416.4989633074657,702.8,255.22967949452254,Low value / High risk
17786,2011-01-26 14:35:00,2011-01-26 14:35:00,1,103.35,12.39236111111111,12.39236111111111,103.35,1,1,2011-02-08,0.8719352828117454,290.19743827621306,612.15,0.6967542871456921,416.4989633074657,0.0,253.03338541461386,Low value / High risk
16126,2009-12-02 13:34:00,2010-11-25 13:41:00,11,8356.83,74.42986111111111,432.4347222222222,759.7118181818182,2,0,2011-02-08,0.1965670317554362,1277.611272734865,1486.0875519630486,1.64212075612525,778.0251653048452,891.35,251.13625561877745,High value / Low risk
12574,2011-01-28 09:20:00,2011-01-28 09:20:00,1,218.45,10.61111111111111,10.61111111111111,218.45,1,1,2011-02-08,0.8421530167167546,297.5276196105139,1529.1499999999999,0.7143538059442289,416.4989633074657,0.0,250.5637824115493,Low value / High risk
12413,2010-11-02 13:26:00,2011-01-06 16:12:00,2,720.6,32.325,97.44027777777778,360.3,1,0,2011-02-08,0.714304182792926,344.7722485041085,566.1857142857143,0.7726981066997614,446.19269222316444,84.65,246.27225921740683,High value / High risk
16997,2011-01-18 11:51:00,2011-02-03 15:17:00,2,468.0,4.363194444444445,20.50625,234.0,2,0,2011-02-08,0.6584265002374102,373.72605266016063,1716.0,1.4580358130866393,256.3215864149375,234.0,246.07113690057164,High value / High risk
13324,2010-05-25 10:23:00,2011-01-31 10:13:00,10,4502.12,7.574305555555555,258.5673611111111,450.212,2,0,2011-02-08,0.2355411420807643,1035.5648505466265,1070.7744864864865,1.8202950118729166,568.8994606874878,1326.87,243.91812759644841,High value / Low risk
17337,2011-02-02 17:06:00,2011-02-02 17:06:00,1,989.38,5.2875,5.2875,989.38,1,0,2011-02-08,0.7657458736445787,317.5887493145867,12697.043333333331,0.7625199035132724,416.4989633074657,459.5,243.1922743035873,Low value / High risk
14146,2010-01-13 16:04:00,2010-12-17 15:52:00,8,6500.73,52.33888888888889,390.3305555555556,812.59125,2,0,2011-02-08,0.24800248471837222,975.0091519576413,960.1461828644501,0.9589737791355374,1016.7213881870252,662.3,241.804692308648,High value / Low risk
14782,2011-01-24 11:12:00,2011-01-24 11:12:00,1,200.10000000000002,14.533333333333333,14.533333333333333,200.10000000000002,1,1,2011-02-08,0.8454344562142859,283.2208380286356,1027.18,0.6800037046420156,416.4989633074657,0.0,239.4446551872939,Low value / High risk
17655,2010-10-19 10:20:00,2010-12-08 16:45:00,3,1013.54,61.302083333333336,111.56944444444444,337.84666666666664,2,0,2011-02-08,0.5456383807079462,428.7195073113548,696.8087499999999,1.147084099247378,373.74723230201266,620.6000000000001,233.92581774727614,High value / High risk
13396,2011-01-24 13:37:00,2011-01-24 13:37:00,1,387.27000000000004,14.432638888888889,14.432638888888889,387.27000000000004,1,1,2011-02-08,0.8148427355193952,283.2208380286356,1987.986,0.6800037046420156,416.4989633074657,0.0,230.78044241534903,Low value / High risk
14329,2009-12-16 15:31:00,2011-01-14 13:42:00,9,6459.96,24.429166666666667,418.3534722222222,717.7733333333333,2,0,2011-02-08,0.2292721404318775,999.5571746612676,1187.1525536992838,1.3795632950760663,724.54607789935,578.02,229.17061291862885,High value / Low risk
16539,2010-06-25 15:24:00,2010-12-16 16:42:00,8,2648.1,53.30416666666667,227.35833333333332,331.0125,2,1,2011-02-08,0.3123597454635204,722.7065039031684,894.3144736842105,2.0010786931142017,361.1584623783326,0.0,225.7444196040244,High value / Low risk
12668,2010-01-31 15:45:00,2011-01-31 13:27:00,8,9055.55,7.439583333333333,372.34375,1131.94375,3,0,2011-02-08,0.1730734534290354,1291.4011405860515,1869.376273458445,1.3495858149967686,956.8870139533466,1444.8,223.5072551634232,High value / Low risk
17167,2010-09-20 14:02:00,2010-11-25 10:05:00,3,867.11,74.57986111111111,140.4152777777778,289.0366666666667,1,1,2011-02-08,0.6558815318716745,339.993535764814,473.52815602836887,0.9863902814879604,344.68459609307683,0.0,222.99548106389315,High value / High risk
16858,2009-12-15 11:09:00,2010-12-06 09:52:00,10,4292.59,63.58888888888889,419.53541666666666,429.259,1,1,2011-02-08,0.32972974221390905,674.8400443281336,786.9748333333333,1.5307803043348416,440.8470911319745,0.0,222.51483385193845,High value / Low risk
14970,2010-02-14 13:37:00,2011-01-27 12:23:00,9,3664.79,11.484027777777778,358.4326388888889,407.19888888888886,1,0,2011-02-08,0.348767580109548,636.626888039262,611.3654627050448,1.213207915775007,524.7467311755706,444.75,222.03481917412554,High value / Low risk
15638,2010-04-08 14:37:00,2010-11-26 11:52:00,6,2265.2,73.50555555555556,305.3909722222222,377.5333333333333,1,1,2011-02-08,0.46669868902054923,473.78939025407817,475.0010893246187,0.9684736819212857,489.2124578069703,0.0,221.11688730342365,High value / Low risk
16229,2010-05-24 12:59:00,2010-11-23 12:01:00,4,1857.26,76.49930555555555,259.4590277777778,464.315,1,1,2011-02-08,0.5493167224316428,401.4051858552918,550.0346923076924,0.8687304841540999,462.05951463318104,0.0,220.4985810610933,High value / High risk
12849,2010-04-27 13:44:00,2010-11-23 11:41:00,4,2032.1799999999998,76.51319444444445,286.4277777777778,508.04499999999996,1,0,2011-02-08,0.5409072481898897,396.66367371577013,545.2190243902439,0.8033187194047642,493.78119062093606,668.8499999999999,214.5582562064895,High value / High risk
15641,2009-12-06 15:31:00,2010-12-15 14:45:00,9,3766.7200000000003,54.385416666666664,428.3534722222222,418.5244444444445,1,0,2011-02-08,0.35474999270915036,604.2992004871546,676.0779487179489,1.3497910990492936,447.69831488204676,997.01,214.3751369669635,High value / Low risk
16618,2011-01-21 11:55:00,2011-01-21 11:55:00,1,728.16,17.50347222222222,17.50347222222222,728.16,1,0,2011-02-08,0.7809035661800792,273.36479643071044,3114.9066666666663,0.6563396803197047,416.4989633074657,354.65999999999997,213.47154440083315,Low value / High risk
17732,2010-08-09 08:41:00,2010-12-02 09:29:00,8,2166.42,67.6048611111111,182.63819444444445,270.8025,2,1,2011-02-08,0.33030476315793766,644.5071908301733,797.6095491803279,2.0401487453045477,315.9118629528961,0.0,212.88379502074812,High value / Low risk
14189,2010-11-16 09:28:00,2011-01-25 13:46:00,4,1799.85,13.426388888888889,83.60555555555555,449.9625,4,0,2011-02-08,0.3253863504042478,648.4365067704746,1649.8625,1.8856677201724785,343.87633612944455,847.5900000000001,210.99238840692405,High value / Low risk
18178,2010-02-18 14:25:00,2011-02-03 14:08:00,9,5146.88,4.411111111111111,354.39930555555554,571.8755555555556,2,1,2011-02-08,0.23598942697150924,893.7757393592608,1116.3655211267608,1.5893468220214453,562.3541237037821,0.0,210.92162457242895,High value / Low risk
16726,2010-10-24 16:09:00,2010-12-13 13:28:00,3,834.71,56.43888888888889,106.32708333333333,278.2366666666667,2,0,2011-02-08,0.5614011959817489,370.54636267530094,600.6791588785047,1.1817889891741349,313.54697502660645,456.19,208.0251711726008,High value / High risk
12530,2010-03-07 14:37:00,2011-01-07 10:04:00,6,2484.38,31.580555555555556,337.3909722222222,414.06333333333333,1,0,2011-02-08,0.45216628110229434,459.94770169077896,565.968224852071,1.0851887215339329,423.8412108086002,417.6,207.97284177506697,High value / Low risk
14932,2010-11-19 09:16:00,2010-12-09 11:48:00,2,666.13,60.50833333333333,80.6138888888889,333.065,2,1,2011-02-08,0.6349192232013343,327.4864038874745,633.2346913580246,0.8366322767779584,391.43410190758055,0.0,207.92741316523376,High value / High risk
17714,2010-07-14 10:41:00,2011-01-23 10:32:00,5,1410.18,15.561111111111112,208.5548611111111,282.036,1,1,2011-02-08,0.5285229414994974,393.03628915695845,519.54,1.3133182804331571,299.2696401266323,0.0,207.7286956612827,High value / High risk
17114,2011-01-09 11:39:00,2011-01-09 11:39:00,1,140.59,29.514583333333334,29.514583333333334,140.59,1,0,2011-02-08,0.8588802228226446,239.97683909961742,360.84766666666667,0.5761763179287026,416.4989633074657,258.15,206.11136103815335,Low value / High risk
14824,2010-03-12 13:07:00,2010-11-25 12:40:00,6,2895.2000000000003,74.47222222222223,332.4534722222222,482.53333333333336,1,1,2011-02-08,0.44578572179192893,459.0959226790502,669.4606606606607,1.094875495014067,419.3133600758429,0.0,204.65840726321198,High value / Low risk
16496,2010-07-18 13:42:00,2011-01-27 09:42:00,4,1467.95,11.595833333333333,204.42916666666667,366.9875,1,1,2011-02-08,0.5580988535227666,364.11150114456666,413.532256097561,0.7666426957327004,474.94289474260995,0.0,203.21021134323615,High value / High risk
17214,2010-12-15 15:14:00,2011-02-03 14:41:00,2,303.55,4.388194444444444,54.36527777777778,151.775,2,0,2011-02-08,0.6811449976464763,297.65759450484023,424.96999999999997,1.0551083273266106,282.110932873625,308.42,202.74798150845518,Low value / High risk
17198,2010-12-03 14:54:00,2010-12-09 13:34:00,2,521.66,60.43472222222222,66.37916666666666,260.83,2,1,2011-02-08,0.6552408840298003,308.82459602708474,599.5197014925373,0.9149106049903514,337.5461977843634,0.0,202.35450131093296,Low value / High risk
14889,2011-01-07 15:19:00,2011-01-07 15:19:00,1,135.9,31.361805555555556,31.361805555555556,135.9,1,1,2011-02-08,0.8601282117612727,235.1912268941939,327.00937500000003,0.5646862240100518,416.4989633074657,0.0,202.29460941044275,Low value / High risk
17504,2010-02-08 09:22:00,2011-01-21 11:09:00,10,6934.29,17.535416666666666,364.6097222222222,693.429,3,0,2011-02-08,0.16707200949503084,1209.175386258676,1462.8502191780822,1.7298552348563736,699.0038021066379,1205.29,202.0193616141671,High value / Low risk
17569,2011-01-11 14:15:00,2011-01-11 14:15:00,1,344.14,27.40625,27.40625,344.14,1,1,2011-02-08,0.8194148451516505,244.96180980510758,946.385,0.5881450648996529,416.4989633074657,0.0,200.7253434495203,Low value / High risk
14049,2010-04-01 14:52:00,2011-01-26 11:27:00,10,8472.76,12.522916666666667,312.38055555555553,847.2760000000001,4,1,2011-02-08,0.12972215951658192,1543.406966546177,1459.0471693290735,1.359658110505867,1135.1434265868097,0.0,200.214084713307,High value / Low risk
14321,2010-08-23 12:56:00,2011-01-10 11:35:00,3,1014.13,28.51736111111111,168.4611111111111,338.04333333333335,1,1,2011-02-08,0.6361199496619858,311.60526907271935,462.05923076923085,0.8813696127145204,353.54664442424985,0.0,198.21832807694778,Low value / High risk
17567,2010-09-24 10:48:00,2010-12-02 15:18:00,2,1024.5500000000002,67.3625,136.55,512.2750000000001,1,0,2011-02-08,0.6913928507980155,286.14282365839557,575.8419708029198,0.6160160153730653,464.50549420392053,1356.02,197.83710258457194,Low value / High risk
15525,2010-11-22 12:10:00,2010-12-01 13:17:00,2,430.78,68.44652777777777,77.49305555555556,215.39,2,1,2011-02-08,0.6687089031208522,294.04780722527846,425.2571794871794,0.8413176362962845,349.5086689490537,0.0,196.63238663470776,Low value / High risk
13082,2009-12-22 15:37:00,2011-01-05 15:42:00,13,4101.56,33.34583333333333,412.34930555555553,315.5046153846154,1,0,2011-02-08,0.28958886618229956,672.9317600192986,588.2289439374185,1.556243741773476,432.40768907602734,1580.74,194.873545402048,High value / Low risk
12963,2010-07-08 14:45:00,2010-12-09 09:14:00,5,1744.96,60.61527777777778,214.38541666666666,348.992,1,1,2011-02-08,0.5201048496346996,373.3596238085361,624.9391627906978,1.2790728822823128,291.8986314074083,0.0,194.18615100060669,High value / High risk
15332,2010-07-14 13:01:00,2010-12-08 14:43:00,6,4892.68,61.386805555555554,208.45763888888888,815.4466666666667,4,1,2011-02-08,0.2118775675164851,913.4689434761592,1201.7108771929825,1.0293747076994646,887.4017757029006,0.0,193.54357774558224,High value / Low risk
17817,2010-10-13 15:07:00,2010-11-26 14:09:00,3,400.47,73.41041666666666,117.37013888888889,133.49,1,0,2011-02-08,0.7123850553784276,269.46090690232836,261.32364406779664,1.1038264501952184,244.1152835707756,269.7,191.9599230859365,Low value / High risk
14014,2010-05-12 09:04:00,2010-11-28 14:56:00,2,1443.0299999999997,71.37777777777778,271.6222222222222,721.5149999999999,1,1,2011-02-08,0.6606340933220327,290.51099908622973,408.5048161764705,0.37663294164735056,771.3372011900153,0.0,191.92147048140924,Low value / High risk
14514,2009-12-13 13:21:00,2011-01-12 15:22:00,7,3645.09,26.35972222222222,421.44375,520.7271428571429,1,1,2011-02-08,0.3928085432331832,487.31461698683927,665.0993601895735,1.056692309633836,461.16983396586187,0.0,191.42134479483695,High value / Low risk
12865,2010-08-20 12:20:00,2010-11-26 15:37:00,2,1755.2400000000002,73.34930555555556,171.48611111111111,877.6200000000001,1,1,2011-02-08,0.6505814052608201,293.6767254913516,785.776046511628,0.5278420552543541,556.372351478959,0.0,191.06061676255962,Low value / High risk
17700,2009-12-01 11:37:00,2010-11-23 15:55:00,10,4145.33,76.33680555555556,433.5159722222222,414.533,1,0,2011-02-08,0.3331265042290123,572.6273078722743,661.9155967741937,1.3338802347878493,429.29439460758584,602.61,190.7573332975611,High value / Low risk
12928,2010-06-08 10:16:00,2010-12-15 15:45:00,8,2634.53,54.34375,244.57222222222222,329.31625,2,0,2011-02-08,0.3121793978840666,605.6822926182308,724.4957499999999,1.6485632390546736,367.40009619864134,387.7,189.08153341860034,High value / Low risk
13510,2009-12-21 11:53:00,2010-11-29 12:26:00,7,2766.73,70.48194444444445,413.5048611111111,395.2471428571429,1,1,2011-02-08,0.4216553251659499,442.2745656303993,441.0728985507247,0.9122849474953424,484.7987099257245,0.0,186.48742578351528,High value / Low risk
14533,2010-04-08 12:13:00,2010-12-22 11:07:00,5,1950.15,47.53680555555555,305.49097222222224,390.03000000000003,1,1,2011-02-08,0.5054764623662608,368.06083733516,490.72401960784316,0.970917991159794,379.0854023577202,0.0,186.04608999174042,High value / High risk
13831,2009-12-10 14:50:00,2010-12-05 12:13:00,13,4795.09,64.49097222222223,424.38194444444446,368.8530769230769,1,1,2011-02-08,0.2825862589738854,656.8548349374597,868.7574823529412,1.9810262983870108,331.5730010612597,0.0,185.61815049388574,High value / Low risk
15171,2011-01-12 15:36:00,2011-01-12 15:36:00,1,1289.5,26.35,26.35,1289.5,1,1,2011-02-08,0.7458951460165053,247.53299576597757,3677.4629629629626,0.5943183958977709,416.4989633074657,0.0,184.63366002076683,Low value / High risk
12423,2010-08-31 09:31:00,2010-12-21 10:54:00,3,1001.01,48.545833333333334,160.60347222222222,333.67,2,0,2011-02-08,0.5412177808013906,340.42529309355115,478.74391304347824,0.9090389749616872,374.4892160513788,795.02,184.24422165675472,High value / High risk
15755,2009-12-04 08:24:00,2010-11-25 14:25:00,11,3628.87,74.39930555555556,430.65,329.8972727272727,1,0,2011-02-08,0.32794542722044256,561.3207716372103,648.3132018561485,1.6486377441438498,340.4755069032515,620.73,184.0825802622734,High value / Low risk
15799,2010-10-17 14:26:00,2011-01-09 15:13:00,2,857.4199999999998,29.365972222222222,113.39861111111111,428.7099999999999,1,1,2011-02-08,0.7005532790394826,262.16417141678653,579.1345614035087,0.7067565527973928,370.93985245573185,0.0,183.6599699326988,Low value / High risk
17890,2010-12-13 15:12:00,2011-01-21 11:19:00,2,586.89,17.528472222222224,56.36666666666667,293.445,2,1,2011-02-08,0.6400616540633575,286.7186910037191,792.8163157894736,1.0312436517901427,278.03195734199403,0.0,183.51763961472113,Low value / High risk
12976,2010-02-12 15:46:00,2010-11-26 14:51:00,7,2417.78,73.38125,360.34305555555557,345.3971428571429,1,1,2011-02-08,0.4342659423803443,419.4245609702233,442.0318005540167,1.0240509957941297,409.57390080458686,0.0,182.1418022271962,High value / Low risk
16094,2010-04-16 14:00:00,2010-11-29 15:54:00,7,2617.33,70.3375,297.4166666666667,373.9042857142857,2,1,2011-02-08,0.3321931823402482,543.7708483744157,676.2899664429531,1.4082282188104556,386.1382985449222,0.0,180.6369685853537,High value / Low risk
14952,2009-12-03 15:34:00,2011-02-07 09:50:00,23,11188.74,0.5902777777777778,431.3513888888889,486.4669565217391,2,0,2011-02-08,0.10441104525536216,1704.0771838059788,1474.0399214975846,2.5774268271524052,661.1544373846216,524.95,177.92447995699615,High value / Low risk
17633,2010-11-15 14:55:00,2010-11-25 11:28:00,3,732.55,74.52222222222223,84.37847222222223,244.1833333333333,3,1,2011-02-08,0.5033542734169225,353.210891092702,663.6041176470587,1.3219591631572065,267.1874449201109,0.0,177.79021144891078,High value / High risk
12539,2009-12-23 13:00:00,2011-01-27 11:05:00,5,9078.1,11.538194444444445,411.4583333333333,1815.6200000000001,2,0,2011-02-08,0.27838793282518304,637.868928353108,1357.3081553398058,0.5972909416263584,1067.9367187726975,1085.99,177.5750123776365,High value / Low risk
12838,2010-04-26 09:59:00,2010-12-01 11:57:00,9,2694.75,68.50208333333333,287.5840277777778,299.4166666666667,2,1,2011-02-08,0.29344799155589696,603.2745047396834,720.4713541666667,1.8761424467061694,321.550480241421,0.0,177.02969177273852,High value / Low risk
16556,2009-12-07 10:51:00,2010-12-14 13:32:00,11,5009.64,55.43611111111111,427.54791666666665,455.4218181818182,2,0,2011-02-08,0.22328813401809164,790.5508484281385,901.2670093457943,1.6620122036036178,475.6588710444157,958.21,176.52062379193822,High value / Low risk
13959,2010-07-16 15:11:00,2010-12-12 13:56:00,4,685.47,57.419444444444444,206.3673611111111,171.3675,1,0,2011-02-08,0.6291643925910262,278.94011521496475,254.98159420289855,1.037489362829954,268.86069892234974,122.7,175.49918815849415,Low value / High risk
17754,2009-12-11 15:52:00,2010-11-30 11:31:00,8,2786.57,69.5201388888889,423.3388888888889,348.32125,1,0,2011-02-08,0.3988648611762463,439.88514951347145,442.7951739386792,1.0499841484277548,418.9445623271123,264.24,175.45472909418314,High value / Low risk
15464,2011-01-05 15:56:00,2011-01-05 15:56:00,1,1044.65,33.33611111111111,33.33611111111111,1044.65,1,1,2011-02-08,0.7582841325611049,230.59322921487248,2365.8250000000003,0.5536465862572751,416.4989633074657,0.0,174.85518678966363,Low value / High risk
15101,2010-04-28 15:00:00,2010-12-15 12:54:00,5,1262.69,54.4625,285.375,252.538,1,1,2011-02-08,0.5429473136509932,321.4019788476999,339.95500000000004,1.024945925374248,313.5794493064046,0.0,174.50434101747203,Low value / High risk
15384,2010-04-26 12:38:00,2010-12-15 11:34:00,3,1688.95,54.518055555555556,287.4736111111111,562.9833333333333,2,1,2011-02-08,0.4927853749529324,353.12718753228376,451.5595486111111,0.5859846411734461,602.6219165491086,0.0,174.01591351417093,High value / High risk
14414,2010-11-30 10:12:00,2010-12-16 11:11:00,2,1119.55,53.53402777777778,69.575,559.775,2,1,2011-02-08,0.59498984842042,292.1097098551107,1231.5049999999999,0.9066355357227808,322.19088966354855,0.0,173.80231198882518,Low value / High risk
17418,2010-11-17 13:42:00,2011-01-20 11:39:00,2,373.99,18.514583333333334,82.42916666666666,186.995,2,1,2011-02-08,0.6703740122223556,255.1924418288521,346.9545783132531,0.8545700835579487,298.6208465973609,0.0,171.07438111762767,Low value / High risk
15811,2010-11-16 16:46:00,2010-12-17 14:24:00,3,1706.33,52.4,83.3013888888889,568.7766666666666,3,0,2011-02-08,0.43160916238870717,393.7322134368358,1564.1358333333333,1.358256588421109,289.8805842676056,458.53,169.93843084692438,High value / Low risk
12352,2010-11-12 10:20:00,2010-11-29 10:07:00,2,343.8,70.57847222222222,87.56944444444444,171.9,2,0,2011-02-08,0.6840525174255703,248.3897384767195,300.825,0.7908598967749628,314.07552651186984,1561.81,169.911625907679,Low value / High risk
14373,2010-12-16 15:40:00,2010-12-16 15:40:00,1,76.55,53.34722222222222,53.34722222222222,76.55,1,1,2011-02-08,0.880501539383396,192.9001124313307,109.15462962962961,0.463146680845227,416.4989633074657,0.0,169.84884594301687,Low value / High risk
15987,2010-11-25 12:56:00,2010-12-06 08:34:00,2,216.7,63.643055555555556,74.46111111111111,108.35,2,1,2011-02-08,0.7167333040748965,236.10758597327234,222.4786666666667,0.8645124366369635,273.1106875590518,0.0,169.22617021177118,Low value / High risk
14350,2010-10-05 15:52:00,2010-11-24 12:01:00,2,689.0999999999999,75.49930555555555,125.33888888888889,344.54999999999995,1,0,2011-02-08,0.7199974511432807,234.5736887499033,421.11666666666656,0.6445204991728493,363.9507029659187,282.93,168.89245800520766,Low value / High risk
15587,2010-08-05 08:44:00,2010-12-23 09:59:00,4,953.28,46.58402777777778,186.63611111111112,238.32,2,1,2011-02-08,0.5008942371801368,336.2720542021982,392.5270588235294,1.120166593322775,300.1982528372918,0.0,168.4367340746077,High value / High risk
17752,2010-12-15 16:19:00,2010-12-15 16:19:00,1,80.64,54.32013888888889,54.32013888888889,80.64,1,1,2011-02-08,0.8786760174919902,191.3369524749926,112.89599999999999,0.45939358637429506,416.4989633074657,0.0,168.1231913997807,Low value / High risk
12359,2009-12-05 13:32:00,2011-02-07 14:51:00,8,4949.77,0.38125,429.43611111111113,618.72125,2,1,2011-02-08,0.24447474801289656,685.459109798855,886.3541627906977,1.195273542205271,573.4746780508401,0.0,167.57744314121948,High value / Low risk
14985,2010-12-16 19:51:00,2010-12-16 19:51:00,1,119.77,53.172916666666666,53.172916666666666,119.77,1,1,2011-02-08,0.8642171786231958,192.9001124313307,170.78314814814814,0.463146680845227,416.4989633074657,0.0,166.7075909215019,Low value / High risk
18226,2010-03-05 10:05:00,2011-01-06 09:00:00,16,7068.13,32.625,339.5798611111111,441.758125,3,0,2011-02-08,0.12699316696366636,1306.3897391736455,1500.678336397059,2.776769864296817,470.4710159710959,757.1,165.9025702664993,High value / Low risk
13542,2009-12-10 19:53:00,2010-11-28 11:24:00,17,3959.4900000000002,71.525,424.1715277777778,232.91117647058826,1,1,2011-02-08,0.2574991224627395,643.6083165340777,717.3664235294118,2.594482148339398,248.06812293775857,0.0,165.72857671724609,High value / Low risk
13002,2010-10-01 11:58:00,2011-01-25 15:18:00,3,414.13,13.3625,129.5013888888889,138.04333333333332,1,1,2011-02-08,0.699411373262763,236.70931175694136,245.2923846153846,1.0566555358157306,224.01748132063062,0.0,165.55718480000587,Low value / High risk
15780,2010-12-17 11:43:00,2010-12-17 11:43:00,1,177.15,52.511805555555554,52.511805555555554,177.15,1,0,2011-02-08,0.8484377680169022,194.48908039652864,257.3688679245283,0.4669617394772575,416.4989633074657,225.61,165.0118812752906,Low value / High risk
14525,2009-12-13 14:01:00,2011-01-17 13:21:00,10,4537.59,21.44375,421.4159722222222,453.759,2,0,2011-02-08,0.2363379751205643,695.4267874069956,827.9488862559241,1.5284345266984551,454.9928539688088,462.91999999999996,164.35575878036846,High value / Low risk
14684,2010-11-14 14:07:00,2010-12-12 12:44:00,2,396.88,57.46944444444444,85.41180555555556,198.44,2,1,2011-02-08,0.6726854392337038,243.57999423973573,355.3460465116279,0.8144313116692018,299.0798496444238,0.0,163.85271541369968,Low value / High risk
15712,2009-12-01 11:17:00,2010-11-25 18:04:00,7,2400.05,74.24722222222222,433.52986111111113,342.86428571428576,1,0,2011-02-08,0.43302358015992565,377.2207471377568,425.8153225806452,1.0287731718938256,366.670474545275,299.8,163.34547843619347,High value / Low risk
16351,2009-12-04 16:12:00,2011-01-11 10:26:00,13,3330.03,27.565277777777776,430.325,256.15615384615387,1,1,2011-02-08,0.3024570413184285,535.5677702728584,594.9241531322506,1.963331125401852,272.78524918370005,0.0,161.98624322223657,High value / Low risk
17863,2010-02-25 12:01:00,2011-02-02 10:22:00,8,3091.18,5.5680555555555555,347.49930555555557,386.3975,2,0,2011-02-08,0.285180126318466,567.7318385457272,683.9679885057471,1.4308067456800329,396.79141872922605,481.2,161.90583743148542,High value / Low risk
14388,2010-01-20 11:54:00,2010-12-02 11:02:00,9,3488.16,67.54027777777777,383.50416666666666,387.5733333333333,2,0,2011-02-08,0.27357689286231895,590.1408361929861,699.44875,1.4817591286875393,398.2704238277245,401.45,161.44889631684788,High value / Low risk
13155,2010-08-05 09:30:00,2011-01-17 11:21:00,4,967.9200000000001,21.527083333333334,186.60416666666666,241.98000000000002,2,1,2011-02-08,0.4942623570526492,326.6189988719301,398.55529411764707,1.1234016532092532,290.74107015853895,0.0,161.43547624061674,Low value / High risk
14395,2010-04-18 13:12:00,2011-01-09 15:23:00,13,5011.38,29.35902777777778,295.45,385.4907692307692,3,0,2011-02-08,0.1595372539280772,1004.4355454120627,1203.3563201663203,2.478884412750187,405.1966038616929,548.37,160.24488866279094,High value / Low risk
17774,2010-02-08 16:06:00,2011-02-07 13:13:00,6,2280.09,0.44930555555555557,364.32916666666665,380.01500000000004,1,0,2011-02-08,0.4362676910713352,366.80215962003825,481.0052876712329,1.0187426283048027,360.0538049835026,375.0,160.0239312574134,High value / Low risk
17311,2010-02-03 12:38:00,2011-01-27 10:56:00,5,2738.17,11.544444444444444,369.4736111111111,547.634,2,1,2011-02-08,0.36546624945371603,437.42490397699896,569.8353783783784,0.8307398449384966,526.5486019987202,0.0,159.86403907412569,High value / Low risk
14784,2010-11-15 09:49:00,2011-01-20 09:25:00,2,274.62,18.60763888888889,84.59097222222222,137.31,2,1,2011-02-08,0.6922578910457451,230.8435425252738,248.77341176470588,0.8434843083180531,273.6785263801606,0.0,159.8032639100748,Low value / High risk
15728,2010-09-21 14:46:00,2010-11-25 10:39:00,2,544.6,74.55625,139.38472222222222,272.3,1,1,2011-02-08,0.7344451470000076,217.55549410614375,299.53,0.6044011162377474,359.9521712672782,0.0,159.78257684944603,Low value / High risk
12720,2010-07-21 09:46:00,2011-01-31 09:51:00,8,2941.98,7.589583333333334,201.59305555555557,367.7475,3,0,2011-02-08,0.23758852583338239,667.3032862424674,981.266844059406,1.9192840561898739,347.6834416929327,960.46,158.5436040621194,High value / Low risk
14701,2010-01-24 12:15:00,2011-01-27 12:40:00,7,2345.67,11.472222222222221,379.4895833333333,335.0957142857143,1,0,2011-02-08,0.42360252514211433,371.23703677905115,339.5048684210526,0.8121954339884258,457.07845826715334,1349.25,157.25694620588203,High value / Low risk
17913,2009-12-03 13:02:00,2010-12-19 11:35:00,13,3238.69,50.517361111111114,431.45694444444445,249.13,1,1,2011-02-08,0.30797835373660565,509.79890911032953,532.8613888888889,1.8030078716803417,282.74913111456044,0.0,157.00702876451675,High value / Low risk
14810,2010-10-06 13:12:00,2011-02-06 11:11:00,5,729.79,1.5340277777777778,124.45,145.958,3,0,2011-02-08,0.39911903729177867,392.49563047427347,449.55064,1.8870748094580108,207.99155841998794,618.1600000000001,156.65247817612172,High value / Low risk
18170,2010-01-08 14:10:00,2010-11-30 13:33:00,6,1897.69,69.43541666666667,395.40972222222223,316.2816666666667,1,1,2011-02-08,0.47815057736453503,325.96697934715655,368.99527777777786,0.9475733202787523,344.00185439081935,0.0,155.8612993766164,Low value / High risk
12691,2010-10-15 12:00:00,2011-01-25 15:59:00,4,540.8,13.334027777777777,115.5,135.2,3,1,2011-02-08,0.4706016117539157,329.4445608762658,358.9793103448275,1.5578000871615612,211.48064093162344,0.0,155.03714133193168,High value / Low risk
17315,2010-09-27 12:45:00,2011-02-04 14:14:00,9,4051.8900000000003,3.4069444444444446,133.46875,450.21000000000004,7,0,2011-02-08,0.11273009400949575,1375.039378642089,2328.324850746269,3.330229038030235,412.8963392425999,1376.03,155.00831842108133,High value / Low risk
17091,2009-12-16 15:45:00,2011-01-19 10:49:00,12,4556.14,19.549305555555556,418.34375,379.67833333333334,2,0,2011-02-08,0.2133289354815329,726.0760340294584,837.2858711217184,1.8542207909231332,391.58013845156904,505.57,154.8930274181576,High value / Low risk
15881,2010-12-10 13:32:00,2011-01-31 16:59:00,5,501.39000000000004,7.292361111111111,59.43611111111111,100.278,5,1,2011-02-08,0.34643178033169514,446.96883668022207,386.07030000000003,1.6359128590855445,273.22288849179427,0.0,154.84420984391602,High value / Low risk
14243,2010-08-20 13:41:00,2011-01-26 13:33:00,10,5429.38,12.435416666666667,171.4298611111111,542.938,4,0,2011-02-08,0.15043984001564356,1028.7583166011202,2430.594534883721,3.1218672692590075,329.5330095328818,712.67,154.7662365642353,High value / Low risk
13898,2010-10-24 15:42:00,2011-01-18 10:28:00,2,686.4000000000001,20.56388888888889,106.34583333333333,343.20000000000005,1,1,2011-02-08,0.7142758968644549,216.24965143466488,493.95140186915893,0.7375550374382192,293.1979858557727,0.0,154.461913725121,Low value / High risk
18269,2010-12-08 13:53:00,2010-12-08 13:53:00,1,168.6,61.421527777777776,61.421527777777776,168.6,1,1,2011-02-08,0.8502494189391222,181.0674147685669,209.39032258064515,0.4347367718053604,416.4989633074657,0.0,153.95246419578302,Low value / High risk
15502,2010-06-03 11:12:00,2010-12-06 14:55:00,5,3548.34,63.37847222222222,249.53333333333333,709.668,3,0,2011-02-08,0.2956988955640415,520.5585089700048,874.310976,0.8974739429966531,580.0263205769152,1711.06,153.92857617889462,High value / Low risk
12586,2009-12-16 13:15:00,2010-11-30 10:47:00,3,1865.73,69.55069444444445,418.4479166666667,621.91,1,1,2011-02-08,0.5851093707612023,262.4616322763962,342.86684964200475,0.4284690605302434,612.5567898685426,0.0,153.56876051020024,Low value / High risk
14161,2009-12-13 11:46:00,2010-12-05 13:18:00,5,2182.46,64.44583333333334,421.5097222222222,436.492,1,0,2011-02-08,0.4949243470280311,310.21423745492535,398.2213744075829,0.7408710255294338,418.715574999364,263.04,153.53257891117752,Low value / High risk
16437,2010-10-06 12:34:00,2010-11-23 16:59:00,2,301.25,76.2923611111111,124.47638888888889,150.625,1,1,2011-02-08,0.7717030540838823,198.25426077962084,185.57,0.6469734863112134,306.4333623777817,0.0,152.99341852877583,Low value / High risk
13444,2010-07-21 14:34:00,2010-11-30 13:02:00,2,619.08,69.45694444444445,201.39305555555555,309.54,1,1,2011-02-08,0.7226137132711682,211.61520387306663,235.98594059405943,0.4719960843040904,448.3410157630258,0.0,152.91604825535197,Low value / High risk
14309,2010-06-07 10:24:00,2011-02-03 09:04:00,4,1783.25,4.622222222222222,245.56666666666666,445.8125,2,0,2011-02-08,0.43136216139065986,351.4476056576417,558.1717479674797,0.9133832666266424,384.77561227460126,580.9100000000001,151.60119879205263,High value / Low risk
16270,2010-12-21 14:26:00,2010-12-21 14:26:00,1,1141.24,48.39861111111111,48.39861111111111,1141.24,1,1,2011-02-08,0.7519636460833675,201.11627298868453,1793.3771428571429,0.48287340595423645,416.4989633074657,0.0,151.2321259232691,Low value / High risk
17468,2010-11-29 17:25:00,2010-11-29 17:25:00,1,57.8,70.27430555555556,70.27430555555556,57.8,1,1,2011-02-08,0.8894367334821521,169.38166872080473,62.68450704225352,0.40667968864970416,416.4989633074657,0.0,150.65427813878858,Low value / High risk
13254,2010-11-28 15:42:00,2010-11-28 15:42:00,1,51.410000000000004,71.34583333333333,71.34583333333333,51.410000000000004,1,1,2011-02-08,0.8931029478005761,168.17586507931898,54.980138888888895,0.4037845946693727,416.4989633074657,0.0,150.19836085125175,Low value / High risk
16489,2010-09-29 15:02:00,2010-11-24 14:40:00,2,303.7,75.38888888888889,131.3736111111111,151.85,1,1,2011-02-08,0.7707721299162617,194.69635269662885,177.15833333333333,0.6265104569308159,310.76313338873564,0.0,150.06652245490832,Low value / High risk
17967,2010-10-19 13:19:00,2010-12-03 11:19:00,2,223.42,66.52847222222222,111.44513888888889,111.71,1,1,2011-02-08,0.7887036729785508,190.00347207348847,153.60125,0.6971629302382529,272.5381167477672,0.0,149.85643630303787,Low value / High risk
17449,2009-12-09 14:16:00,2010-12-15 10:57:00,7,3033.2,54.54375,425.40555555555557,433.3142857142857,2,0,2011-02-08,0.3166200748337934,472.82675231281013,548.2544600938968,1.0467939493217164,451.6903757603722,638.4300000000001,149.70644170070145,High value / Low risk
18156,2010-12-05 12:29:00,2010-12-05 12:29:00,1,186.88,64.4798611111111,64.4798611111111,186.88,1,1,2011-02-08,0.8458035862336236,176.99669021290796,221.38092307692307,0.4249630990851864,416.4989633074657,0.0,149.70443533355927,Low value / High risk
18043,2010-12-08 12:35:00,2010-12-08 12:35:00,1,287.91,61.47569444444444,61.47569444444444,287.91,1,1,2011-02-08,0.8264137067421861,181.0674147685669,357.5656451612904,0.4347367718053604,416.4989633074657,0.0,149.63659340911622,Low value / High risk
18193,2010-09-23 13:33:00,2010-11-24 12:25:00,2,963.5899999999999,75.48263888888889,137.43541666666667,481.79499999999996,1,1,2011-02-08,0.6963242499974722,214.29823479666163,537.6552898550724,0.6094202324586964,351.6427965183873,0.0,149.22105762056762,Low value / High risk
15350,2010-11-21 15:14:00,2010-12-01 13:33:00,2,547.6,68.43541666666667,78.36527777777778,273.8,2,1,2011-02-08,0.6508367723838256,229.26225761800154,533.7367088607594,0.8363038001291423,274.13752942722346,0.0,149.21230777752928,Low value / High risk
13939,2010-04-06 12:43:00,2011-02-01 11:30:00,5,1176.9099999999999,6.520833333333333,307.47013888888887,235.38199999999998,1,1,2011-02-08,0.5336591904148132,279.25242046833273,294.2274999999999,0.9679275346532825,288.5055032227827,0.0,149.02562062850745,Low value / High risk
15134,2010-10-13 12:44:00,2010-11-23 14:59:00,2,208.3,76.37569444444445,117.46944444444445,104.15,1,0,2011-02-08,0.7927993210329813,186.3256202432328,135.92457627118645,0.6693387914547022,278.37266063465927,110.1,147.71882521988408,Low value / High risk
17723,2010-11-29 10:35:00,2010-11-29 10:35:00,1,102.0,70.55902777777777,70.55902777777777,102.0,1,1,2011-02-08,0.8698451178009089,169.38166872080473,110.61971830985917,0.40667968864970416,416.4989633074657,0.0,147.3358175817629,Low value / High risk
13455,2009-12-09 08:58:00,2010-12-08 13:11:00,5,1847.5900000000001,61.450694444444444,425.62638888888887,369.51800000000003,1,1,2011-02-08,0.5082433168717745,289.7829913565986,333.9540610328639,0.7350200746705738,394.2518052809312,0.0,147.28026870010243,Low value / High risk
16701,2009-12-01 19:19:00,2011-01-12 11:51:00,15,5361.31,26.50625,433.1951388888889,357.4206666666667,2,0,2011-02-08,0.18068292935955943,813.9106982972431,951.2001612903227,2.2583356856686625,360.4028858341559,733.04,147.05976920543046,High value / Low risk
15583,2010-11-28 15:04:00,2010-11-28 15:04:00,1,95.96,71.37222222222222,71.37222222222222,95.96,1,1,2011-02-08,0.8720733798008884,168.17586507931898,102.62388888888889,0.4037845946693727,416.4989633074657,0.0,146.6616950606599,Low value / High risk
13481,2009-12-04 12:37:00,2010-11-30 10:32:00,6,2026.28,69.56111111111112,430.47430555555553,337.7133333333333,1,0,2011-02-08,0.4718648375050172,309.91655204520345,301.6696829079659,0.7273357791871844,426.098317879457,665.28,146.23872347092512,Low value / Low risk
13838,2010-05-09 11:40:00,2010-12-05 10:45:00,7,1245.91,64.55208333333333,274.5138888888889,177.98714285714286,1,1,2011-02-08,0.4906044285183358,297.31659509173267,199.34560000000002,0.832417822190488,357.1723083839688,0.0,145.86483822399694,Low value / High risk
16122,2010-10-10 15:26:00,2011-01-11 10:19:00,4,461.04,27.570138888888888,120.35694444444445,115.26,3,1,2011-02-08,0.4882510656467651,298.2434498999304,293.3890909090909,1.513733974236423,197.0250090015811,0.0,145.61768223580862,Low value / High risk
17730,2010-04-29 11:48:00,2011-01-17 14:49:00,8,2786.8,21.382638888888888,284.5083333333333,348.35,3,0,2011-02-08,0.24323018059924054,598.6802640124823,658.8092982456141,1.4668877322015266,408.1295731568865,1133.91,145.61710873695708,High value / Low risk
13144,2010-10-04 14:14:00,2011-01-11 11:15:00,2,135.35,27.53125,126.40694444444445,67.675,1,1,2011-02-08,0.8102635474580372,179.65373709852093,82.06259842519685,0.6607018078664688,271.91349404454763,0.0,145.56687433554114,Low value / High risk
13168,2010-06-15 15:00:00,2011-01-25 13:55:00,2,1163.47,13.42013888888889,237.375,581.735,1,0,2011-02-08,0.6674256337041236,217.72208376663173,376.4167647058823,0.42366788841623093,513.898007660027,199.3,145.31329972932645,Low value / High risk
14210,2010-01-06 10:17:00,2011-01-04 13:30:00,12,4319.34,34.4375,397.57152777777776,359.945,2,0,2011-02-08,0.21934113897021568,662.2655956090894,766.0136055276381,1.7712992871455349,373.8868978355072,308.78000000000003,145.26209004168592,High value / Low risk
15880,2010-12-05 13:00:00,2010-12-05 13:00:00,1,329.03000000000003,64.45833333333333,64.45833333333333,329.03000000000003,1,1,2011-02-08,0.8199169602555458,176.99669021290796,389.77400000000006,0.4249630990851864,416.4989633074657,0.0,145.12258821466003,Low value / High risk
17857,2010-03-08 12:09:00,2010-12-16 16:28:00,3,1808.7,53.31388888888889,336.49375,602.9,2,0,2011-02-08,0.48530859431829015,298.73013713577325,413.26379821958454,0.5154292444713533,579.5754516066777,6319.34,144.97630293387218,Low value / High risk
12422,2009-12-18 12:44:00,2011-01-19 09:13:00,15,4666.74,19.615972222222222,416.46944444444443,311.116,2,1,2011-02-08,0.18656322530121017,777.0408446817685,689.3793381294963,1.8618657559380904,417.3452582193612,0.0,144.96724617460742,High value / Low risk
14829,2010-09-29 13:14:00,2010-12-14 09:50:00,5,1143.65,55.59027777777778,131.44861111111112,228.73000000000002,4,1,2011-02-08,0.3321316769673436,435.9664800417334,533.7033333333334,1.4216031947856549,306.67241157084425,0.0,144.79827811781084,High value / Low risk
12808,2010-09-03 10:24:00,2010-12-06 10:27:00,3,422.45000000000005,63.56458333333333,157.56666666666666,140.8166666666667,1,1,2011-02-08,0.7053482008044952,205.2855994550366,205.87753164556966,0.9176320031213866,223.71233648864023,0.0,144.79782822668233,Low value / High risk
15189,2010-07-18 13:37:00,2011-01-25 16:36:00,7,2017.4700000000003,13.308333333333334,204.4326388888889,288.21000000000004,4,0,2011-02-08,0.23778331085510027,607.8656555513869,757.7814146341465,1.8975295030525106,320.3458257558198,2436.82,144.54030813211475,High value / Low risk
17820,2010-11-30 17:43:00,2010-11-30 17:43:00,1,180.60999999999999,69.26180555555555,69.26180555555555,180.60999999999999,1,1,2011-02-08,0.8471369266549212,170.6049212204775,198.67099999999996,0.4096166767515683,416.4989633074657,0.0,144.52572863492028,Low value / High risk
13030,2010-12-06 14:31:00,2010-12-06 14:31:00,1,402.36,63.39513888888889,63.39513888888889,402.36,1,1,2011-02-08,0.8099470127280575,178.33306714099547,484.089375,0.42817169513420217,416.4989633074657,0.0,144.44033500148137,Low value / High risk
17925,2010-12-02 10:10:00,2010-12-02 10:10:00,1,244.08,67.57638888888889,67.57638888888889,244.08,1,1,2011-02-08,0.8339035587350329,173.10531216887745,276.38470588235293,0.4156200313062689,416.4989633074657,0.0,144.3531358535657,Low value / High risk
12427,2010-12-03 10:44:00,2010-12-03 10:44:00,1,303.5,66.55277777777778,66.55277777777778,303.5,1,1,2011-02-08,0.8237517715292901,174.38324883647698,348.7985074626866,0.418688314255766,416.4989633074657,0.0,143.64851015408092,Low value / High risk
13754,2010-09-28 15:29:00,2011-01-26 14:58:00,2,320.45000000000005,12.376388888888888,132.35486111111112,160.22500000000002,1,1,2011-02-08,0.7585178874259982,188.95658603843,185.52368421052634,0.644394744390128,293.231109787004,0.0,143.3269504570988,Low value / High risk
13703,2010-10-20 13:11:00,2011-01-25 13:10:00,2,425.56,13.45138888888889,110.45069444444445,212.78,1,1,2011-02-08,0.7428597820758874,192.69248824913961,295.2082882882883,0.723061311168338,266.4953652931353,0.0,143.14349982841637,Low value / High risk
16770,2010-08-22 16:08:00,2011-01-30 13:51:00,7,1549.58,8.422916666666667,169.32777777777778,221.3685714285714,4,0,2011-02-08,0.25317176095969046,564.584098425287,701.868588235294,2.1773679476503123,259.2965966246325,121.63,142.93675040816913,High value / Low risk
15485,2009-12-01 17:31:00,2011-01-07 17:18:00,6,3514.55,31.279166666666665,433.2701388888889,585.7583333333333,2,1,2011-02-08,0.32477027238387546,435.79506309428984,519.6243279569892,0.7243365218584829,601.6472315604614,0.0,141.53328134468072,High value / Low risk
14233,2010-03-05 16:35:00,2011-02-02 10:41:00,5,2072.5,5.554861111111111,339.30902777777777,414.5,2,1,2011-02-08,0.3834958625501015,368.2470352070125,469.3602941176471,0.8920214529597987,412.8230705496368,0.0,141.22121439823084,High value / Low risk
15540,2010-11-29 11:10:00,2010-11-29 11:10:00,1,247.38,70.53472222222223,70.53472222222223,247.38,1,1,2011-02-08,0.8332099375023146,169.38166872080473,268.2853521126761,0.40667968864970416,416.4989633074657,0.0,141.13048960889947,Low value / High risk
16821,2010-11-23 10:04:00,2010-11-23 10:04:00,1,113.35,76.58055555555555,76.58055555555555,113.35,1,1,2011-02-08,0.8657534529885953,162.3959468911959,113.35,0.38990720553441766,416.4989633074657,0.0,140.5948517724054,Low value / High risk
17809,2009-12-02 14:52:00,2010-12-03 12:43:00,11,5925.4800000000005,66.47013888888888,432.38055555555553,538.6800000000001,3,0,2011-02-08,0.1691657302926026,830.0712975682007,862.1368129330255,1.3378237772650345,620.463854563228,880.2,140.41961724805293,High value / Low risk
14775,2010-12-02 16:38:00,2010-12-02 16:38:00,1,406.56,67.30694444444444,67.30694444444444,406.56,1,1,2011-02-08,0.8092949078304481,173.10531216887745,460.3694117647059,0.4156200313062689,416.4989633074657,0.0,140.09324765667262,Low value / High risk
15902,2010-11-24 16:57:00,2010-11-24 16:57:00,1,145.01,75.29375,75.29375,145.01,1,1,2011-02-08,0.8561084342535771,163.51987015517116,146.91802631578946,0.392605707482778,416.4989633074657,0.0,139.99074000789182,Low value / High risk
15834,2010-10-11 14:05:00,2010-11-28 12:05:00,3,1539.24,71.49652777777777,119.41319444444444,513.08,2,0,2011-02-08,0.51163271432427,273.06783436695184,658.4526666666667,0.6661920003361745,409.89359558378976,1272.77,139.71043729181378,Low value / High risk
18076,2010-11-24 14:02:00,2010-11-24 14:02:00,1,151.49,75.41527777777777,75.41527777777777,151.49,1,1,2011-02-08,0.8543279595367215,163.51987015517116,153.4832894736842,0.392605707482778,416.4989633074657,0.0,139.69959701337703,Low value / High risk
15509,2010-11-24 14:48:00,2010-11-24 14:48:00,1,152.41,75.38333333333334,75.38333333333334,152.41,1,1,2011-02-08,0.8540809805952162,163.51987015517116,154.4153947368421,0.392605707482778,416.4989633074657,0.0,139.659211048931,Low value / High risk
13824,2010-03-12 15:17:00,2011-02-02 13:07:00,8,2058.7,5.4534722222222225,332.36319444444445,257.3375,2,0,2011-02-08,0.313626033227318,443.73848877043577,476.0357357357357,1.4843513295295168,298.9443805807646,659.3000000000001,139.16794202335657,High value / Low risk
15020,2010-11-25 13:29:00,2010-11-25 13:29:00,1,198.47,74.43819444444445,74.43819444444445,198.47,1,1,2011-02-08,0.8429486520272574,164.65948739930928,203.76253333333338,0.3953418901495685,416.4989633074657,0.0,138.79949294674694,Low value / High risk
18034,2010-11-29 12:36:00,2010-11-29 12:36:00,1,335.52,70.475,70.475,335.52,1,1,2011-02-08,0.8187860801887137,169.38166872080473,363.87380281690145,0.40667968864970416,416.4989633074657,0.0,138.68735258773094,Low value / High risk
16545,2010-11-29 10:39:00,2010-11-29 10:39:00,1,350.52,70.55625,70.55625,350.52,1,1,2011-02-08,0.816634465084113,169.38166872080473,380.14140845070426,0.40667968864970416,416.4989633074657,0.0,138.3229084308688,Low value / High risk
16254,2010-03-17 15:43:00,2010-11-26 13:22:00,3,967.44,73.44305555555556,327.34513888888887,322.48,1,1,2011-02-08,0.639379606971595,214.8537675240951,227.11243902439026,0.5261212018140826,408.3731406057625,0.0,137.37311743592238,Low value / High risk
15495,2010-11-25 13:46:00,2010-11-25 13:46:00,1,246.5,74.4263888888889,74.4263888888889,246.5,1,1,2011-02-08,0.8332724403124709,164.65948739930928,253.07333333333338,0.3953418901495685,416.4989633074657,0.0,137.20621288582302,Low value / High risk
17179,2010-05-26 11:22:00,2010-12-13 14:24:00,4,1038.47,56.4,257.5263888888889,259.6175,2,0,2011-02-08,0.4917783231006182,278.8803185314511,309.93096899224804,0.876341299414269,318.23254104063085,245.31,137.1472953931633,Low value / High risk
14988,2010-04-16 13:34:00,2010-11-24 12:53:00,6,1704.1100000000001,75.46319444444444,297.4347222222222,284.0183333333334,2,1,2011-02-08,0.38887873346125773,352.29455184690727,440.3237248322148,1.198350715288454,293.98284438133516,0.0,136.9998591275267,High value / Low risk
13709,2010-01-11 10:40:00,2011-01-28 14:57:00,6,1718.0,10.377083333333333,392.55555555555554,286.3333333333333,1,1,2011-02-08,0.4733484413610015,289.4268487839106,280.5046649703138,0.7893163045966654,366.6804386256857,0.0,136.99974775989037,Low value / High risk
15208,2010-10-12 12:17:00,2010-12-21 13:03:00,2,165.8,48.45625,118.48819444444445,82.9,1,1,2011-02-08,0.8027636620832991,170.61034491184773,107.28235294117647,0.6814620402094571,250.35927879329597,0.0,136.95978527072964,Low value / High risk
17873,2009-12-16 15:11:00,2010-12-01 14:54:00,14,4621.32,68.37916666666666,418.3673611111111,330.0942857142857,2,0,2011-02-08,0.20023019351062832,683.2350891760462,667.2789021479713,1.6902442875041666,404.2226879434799,975.8300000000002,136.80429411897114,High value / Low risk
15716,2009-12-07 12:42:00,2010-12-05 12:26:00,8,1913.55,64.48194444444445,427.47083333333336,239.19375,1,0,2011-02-08,0.4283573511342957,319.0631496088903,344.26016355140183,1.196753431258318,266.6072569964672,115.26,136.67304561102972,Low value / Low risk
17048,2010-01-18 13:55:00,2011-01-12 16:51:00,5,1404.74,26.297916666666666,385.4201388888889,280.948,1,0,2011-02-08,0.5259532160452164,259.2456753687202,280.2201554404145,0.8010176336638173,323.64540363854735,501.99,136.35109670599252,Low value / High risk
14291,2009-12-09 10:46:00,2010-11-24 09:47:00,12,4020.85,75.59236111111112,425.5513888888889,335.0708333333333,2,0,2011-02-08,0.22678422158570777,598.9458958859659,423.9511248043819,1.0452522803180522,573.015631885268,984.88,135.83147877045315,High value / Low risk
16592,2009-12-18 15:57:00,2010-11-29 15:19:00,12,3694.23,70.36180555555555,416.3354166666667,307.8525,2,0,2011-02-08,0.23153412484711466,582.777246782996,511.61098920863316,1.3811662109395693,421.9457746410902,802.75,134.93281981471196,High value / Low risk
15024,2010-10-11 16:14:00,2010-12-07 17:05:00,8,2414.18,62.28819444444444,119.3236111111111,301.7725,6,0,2011-02-08,0.16893421681370294,797.1295519304089,1161.8241249999999,2.3037176200770046,346.0187763393344,189.37,134.66245655442157,High value / Low risk
13173,2009-12-10 12:52:00,2010-12-07 14:30:00,10,2212.11,62.395833333333336,424.4638888888889,221.211,1,1,2011-02-08,0.37957013496319436,354.11273026878285,360.7040541176471,1.3598849664545336,260.3990330094014,0.0,134.41061682030715,High value / Low risk
15326,2009-12-01 13:19:00,2011-01-10 11:38:00,5,1700.52,28.51527777777778,433.4451388888889,340.104,1,1,2011-02-08,0.5095136338894234,263.0029742632846,301.70516129032256,0.7244171720683027,363.05458291715786,0.0,134.00360114061263,Low value / High risk
15580,2010-02-07 11:21:00,2010-11-28 11:00:00,8,1375.39,71.54166666666667,365.52708333333334,171.92375,1,1,2011-02-08,0.45762330942069657,292.7822666122982,289.3580054644809,1.3656738222148461,214.3866726078594,0.0,133.98398978681263,Low value / Low risk
15951,2010-11-23 18:20:00,2010-11-23 18:20:00,1,304.95,76.23611111111111,76.23611111111111,304.95,1,0,2011-02-08,0.8232574721273034,162.3959468911959,304.95,0.38990720553441766,416.4989633074657,375.16999999999996,133.69367672136576,Low value / High risk
12599,2010-05-11 10:42:00,2010-11-23 15:49:00,6,1264.14,76.34097222222222,272.5541666666667,210.69000000000003,1,0,2011-02-08,0.5162855781243675,258.1609713555123,356.5523076923078,1.284832806139075,200.92962299996566,312.46000000000004,133.28478634542893,Low value / High risk
13181,2010-11-23 15:05:00,2010-11-23 15:05:00,1,359.69,76.37152777777777,76.37152777777777,359.69,1,1,2011-02-08,0.8151952231138054,162.3959468911959,359.69,0.38990720553441766,416.4989633074657,0.0,132.38440015874613,Low value / High risk
12915,2010-04-29 19:36:00,2010-12-02 12:33:00,3,811.1,67.47708333333334,284.18333333333334,270.3666666666667,1,1,2011-02-08,0.6534978844401891,202.5220836740551,219.13929824561404,0.5900982305991974,343.20062859434466,0.0,132.34775323341395,Low value / High risk
14867,2009-12-05 15:47:00,2011-01-07 16:34:00,14,2542.52,31.309722222222224,429.34236111111113,181.60857142857142,1,1,2011-02-08,0.3108891739664029,420.41153548120144,422.76786046511626,1.966896887998658,213.74355618050492,0.0,130.7013949916978,High value / Low risk
14540,2009-12-07 13:00:00,2011-02-03 15:02:00,9,2952.88,4.373611111111111,427.4583333333333,328.09777777777776,2,1,2011-02-08,0.26907930506616295,484.84118445720827,531.242429906542,1.3553412684951232,357.726275829808,0.0,130.46072898120093,High value / Low risk
14320,2010-01-21 11:44:00,2011-01-11 09:12:00,4,1221.47,27.616666666666667,382.5111111111111,305.3675,1,1,2011-02-08,0.5723109109860095,226.87195684242974,245.5696866840731,0.6352842309352698,357.1188230320581,0.0,129.8412962976696,Low value / High risk
15808,2009-12-01 16:30:00,2011-02-06 14:33:00,21,17180.25,1.39375,433.3125,818.1071428571429,5,1,2011-02-08,0.05112975165686094,2529.088614975641,3048.108870967742,3.1809907336287475,795.0631821207971,0.0,129.31167280189894,High value / Low risk
17560,2010-02-17 12:11:00,2011-02-02 11:14:00,5,1202.95,5.531944444444444,355.4923611111111,240.59,1,1,2011-02-08,0.5293217938034187,242.3039380201303,260.18862359550565,0.8583501806306464,282.2903093491574,0.0,128.25675511844776,Low value / High risk
17975,2010-08-06 11:24:00,2011-02-02 12:53:00,15,3591.8500000000004,5.4631944444444445,185.525,239.45666666666668,5,0,2011-02-08,0.10970064627545724,1166.925333417435,1486.9486559139787,4.468301292000355,261.15636729926723,488.06000000000006,128.01246323109604,High value / Low risk
13435,2010-07-27 16:56:00,2010-11-28 13:51:00,2,637.44,71.42291666666667,195.29444444444445,318.72,1,1,2011-02-08,0.7210963566442861,177.2743025858928,250.42285714285717,0.48198226460001137,367.8025429691062,0.0,127.83185372134403,Low value / High risk
12708,2009-12-18 10:25:00,2011-01-14 09:23:00,10,2885.81,24.60902777777778,416.56597222222223,288.581,2,0,2011-02-08,0.2652204555775593,480.0041317439657,532.8713908872902,1.5440159204738788,310.8802994703876,485.15999999999997,127.30691450024537,High value / Low risk
17677,2009-12-16 11:23:00,2011-01-25 12:46:00,29,20829.78,13.468055555555555,418.52569444444447,718.2682758620689,5,0,2011-02-08,0.040290555966604004,3142.9688246456853,2639.935906509752,3.1197748110122694,1007.4345153219217,2313.1,126.63196133067859,High value / Low risk
14761,2010-09-21 14:22:00,2011-01-09 12:03:00,2,289.52,29.497916666666665,139.4013888888889,144.76,1,1,2011-02-08,0.7684407139091783,164.46708018745426,159.23599999999996,0.6193474668183929,265.54896725795413,0.0,126.38320051380543,Low value / High risk
16059,2010-05-19 13:04:00,2011-01-16 15:44:00,8,1859.91,22.344444444444445,264.4555555555556,232.48875,3,0,2011-02-08,0.26950238715298175,467.99022614188686,540.426679245283,1.7861298532538294,262.0135514163987,381.5,126.12448310950228,High value / Low risk
12753,2010-12-12 11:44:00,2010-12-12 11:44:00,1,3590.59,57.51111111111111,57.51111111111111,3590.59,1,0,2011-02-08,0.6743684974205638,186.7961738748155,4766.817758620689,0.4484913297057112,416.4989633074657,9349.92,125.96945509986972,Low value / High risk
13240,2010-02-25 13:17:00,2010-12-09 12:49:00,5,1036.21,60.46597222222222,347.44652777777776,207.24200000000002,1,0,2011-02-08,0.557772978027939,224.6727776908748,183.42108045977014,0.6873041814787032,326.88987459308294,218.34,125.31640429444833,Low value / High risk
17802,2009-12-13 13:39:00,2010-12-02 13:44:00,8,3761.38,67.42777777777778,421.43125,470.1725,3,1,2011-02-08,0.22817581179905308,548.7674457841739,600.5283827014218,1.054408449469139,520.4505389353251,0.0,125.21545743069673,High value / Low risk
13946,2009-12-04 11:07:00,2010-11-28 16:21:00,3,1314.66,71.31875,430.53680555555553,438.22,1,0,2011-02-08,0.6127656781322983,201.21997356377517,234.86965197215778,0.41815452365186095,481.2096059764333,209.85,123.30069355456983,Low value / High risk
12583,2009-12-06 11:57:00,2011-01-07 12:07:00,14,7896.219999999999,31.49513888888889,428.50208333333336,564.0157142857142,4,0,2011-02-08,0.10842012084637787,1135.9995172659326,1417.2702564102563,2.125656386589423,534.4229313979685,1034.4099999999999,123.16520494339933,High value / Low risk
16354,2010-04-27 13:33:00,2010-11-25 12:18:00,3,723.66,74.4875,286.43541666666664,241.22,1,1,2011-02-08,0.6625274007971119,184.37650598820093,194.15268292682927,0.5862929380157793,314.4784697768928,0.0,122.1544872804159,Low value / High risk
15262,2010-08-08 15:55:00,2011-01-20 12:16:00,3,418.82,18.488888888888887,183.33680555555554,139.60666666666665,2,1,2011-02-08,0.6035755708227551,201.3861210564408,175.2670652173913,0.8299538371499972,242.6473763263587,0.0,121.55174297242172,Low value / High risk
13077,2009-12-11 11:17:00,2010-12-08 14:59:00,8,2326.35,61.37569444444444,423.52986111111113,290.79375,2,0,2011-02-08,0.3167769181867494,382.4799402225556,422.47393867924524,1.2067115688392354,316.9605314967455,262.47,121.1608167319533,High value / Low risk
16638,2010-08-18 13:33:00,2011-01-14 14:02:00,8,913.03,24.415277777777778,173.43541666666667,114.12875,3,0,2011-02-08,0.32257972626480136,375.5722435788703,353.53676005747127,2.1385082373587365,175.62347295081648,997.8199999999999,121.15199152632928,High value / Low risk
17912,2010-11-29 13:53:00,2011-02-02 14:25:00,6,374.55,5.399305555555555,70.42152777777778,62.425000000000004,6,1,2011-02-08,0.3038573260032479,396.5159943799309,338.50176056338034,2.620389742428838,151.3194728095678,0.0,120.48428976980466,High value / Low risk
16722,2009-12-03 19:23:00,2010-12-08 15:38:00,11,4258.27,61.34861111111111,431.1923611111111,387.1154545454546,3,0,2011-02-08,0.18474825452405352,649.788352724062,758.9971990740742,1.6478776763163179,394.31831747160095,314.36,120.04726397583046,High value / Low risk
15914,2010-11-26 16:09:00,2010-11-26 16:10:00,2,205.98999999999998,73.32638888888889,73.32708333333333,102.99499999999999,2,1,2011-02-08,0.7210435653090415,165.81513009168384,107.17047297297296,0.39811654937848345,416.4989633074657,0.0,119.55993258349024,Low value / High risk
17540,2010-04-19 09:47:00,2011-01-27 14:35:00,5,1280.5,11.39236111111111,294.59236111111113,256.1,2,1,2011-02-08,0.4276671940065852,278.96705420106514,334.23220338983054,1.0023943869353413,278.3006946536899,0.0,119.3050572904525,Low value / Low risk
13623,2009-12-02 13:57:00,2010-11-24 13:36:00,5,1805.32,75.43333333333334,432.41875,361.06399999999996,1,0,2011-02-08,0.5114387326838611,232.38590891427484,321.03842956120087,0.7241657061272371,320.9015656886744,391.59000000000003,118.8511547487039,Low value / High risk
14748,2010-03-04 17:08:00,2010-12-06 10:24:00,7,1736.57,63.56666666666667,340.2861111111111,248.08142857142857,2,1,2011-02-08,0.3609370569989871,322.93101908909466,336.1103225806452,1.0748511232375815,300.4425562829459,0.0,116.55777164370154,Low value / Low risk
13891,2010-05-06 16:02:00,2010-11-26 15:57:00,3,859.21,73.33541666666666,277.33194444444445,286.40333333333336,1,1,2011-02-08,0.6499494672258922,178.60929898995715,237.9826258992806,0.6014787459298413,296.9503082171931,0.0,116.08701872011274,Low value / High risk
18179,2010-02-14 15:51:00,2011-01-17 14:51:00,4,1377.28,21.38125,358.33958333333334,344.32,2,0,2011-02-08,0.45829689064165524,250.71632126745655,295.40545961002783,0.6711440835139465,373.56556874459375,480.26,114.90251046998964,Low value / Low risk
15279,2010-02-02 10:15:00,2010-12-20 10:48:00,5,1580.54,49.55,370.5729166666667,316.108,2,1,2011-02-08,0.4181944292380355,273.8074531854303,328.0366037735849,0.8274113697944683,330.920583377341,0.0,114.50475160600115,Low value / Low risk
14401,2009-12-14 13:22:00,2011-01-28 15:53:00,11,3296.54,10.338194444444444,420.44305555555553,299.68545454545455,2,1,2011-02-08,0.23980593938115763,477.4790868963892,602.9301187648456,1.6896275525797368,282.5942830817184,0.0,114.502320968046,High value / Low risk
17188,2009-12-08 19:16:00,2011-01-28 12:48:00,9,3543.1400000000003,10.466666666666667,426.1972222222222,393.68222222222226,3,1,2011-02-08,0.2088767297380854,548.1385341323454,638.9268852459018,1.3578721488020498,403.67462770035274,0.0,114.49338445299222,High value / Low risk
12726,2010-03-25 16:25:00,2011-01-28 10:45:00,6,1977.3600000000001,10.552083333333334,319.31597222222223,329.56,3,0,2011-02-08,0.2988834741940825,382.931619755275,475.80224999999996,1.1365690967986397,336.91890869976476,316.02,114.45193289122395,High value / Low risk
16612,2009-12-03 15:54:00,2011-02-01 10:38:00,6,2337.82,6.5569444444444445,431.3375,389.6366666666667,2,1,2011-02-08,0.34552547123640803,330.4975921189435,416.6947685185186,0.8820387873370352,374.6973453590962,0.0,114.19533625939613,High value / Low risk
13634,2010-01-10 14:26:00,2011-01-16 15:30:00,12,3820.61,22.354166666666668,393.3986111111111,318.38416666666666,3,0,2011-02-08,0.17731913339907163,642.4891200045636,684.4451501692048,1.7876459900912725,359.4051191152001,263.41,113.92561397754135,High value / Low risk
13426,2009-12-09 15:16:00,2011-01-07 11:54:00,14,5165.49,31.504166666666666,425.3638888888889,368.9635714285714,3,0,2011-02-08,0.14953385827354765,760.1985166715872,866.9777816901408,1.9828060777976382,383.3952927539754,645.5899999999999,113.67541725173027,High value / Low risk
14710,2009-12-03 17:12:00,2010-11-25 13:29:00,9,1300.31,74.43819444444445,431.28333333333336,144.4788888888889,1,1,2011-02-08,0.4407187804527009,253.50770162256916,231.76821759259258,1.3394604630218423,189.26105594087645,0.0,111.72560509446586,Low value / Low risk
15197,2009-12-11 12:56:00,2010-12-16 18:01:00,4,1354.4,53.24930555555556,423.4611111111111,338.6,2,0,2011-02-08,0.4642430843521949,240.43006335731556,245.96415094339622,0.5816978794091836,413.32463443310905,216.75,111.61799418399382,Low value / Low risk
13579,2010-02-18 13:53:00,2010-12-05 16:10:00,4,1072.0,64.32638888888889,354.4215277777778,268.0,1,1,2011-02-08,0.5893691765119288,189.28438674841527,232.51830985915495,0.6757745209703816,280.09991628067223,0.0,111.55838314447895,Low value / High risk
17491,2010-04-28 11:57:00,2011-01-18 11:30:00,9,2727.7200000000003,20.520833333333332,285.50208333333336,303.08000000000004,4,0,2011-02-08,0.19179969562888483,575.5633249552988,652.7876923076924,1.6804156324985127,342.51247954622215,556.9399999999999,110.39287054157523,High value / Low risk
16365,2009-12-11 12:41:00,2010-12-15 14:26:00,8,1995.3799999999999,54.39861111111111,423.4715277777778,249.42249999999999,2,0,2011-02-08,0.32710120901449785,336.33935436731014,362.36853773584903,1.2072858389408365,278.59131907186446,120.9,110.01700945270278,High value / Low risk
13502,2010-06-09 10:52:00,2011-01-20 09:03:00,3,603.0999999999999,18.622916666666665,243.54722222222222,201.0333333333333,1,0,2011-02-08,0.6688165944755143,163.437363804755,190.32254098360653,0.6704970394196741,243.75553387411324,74.56,109.30962106995193,Low value / High risk
14744,2010-05-18 14:06:00,2011-01-31 15:37:00,11,3277.13,7.3493055555555555,265.4125,297.9209090909091,5,0,2011-02-08,0.13589974362653576,801.2964444016501,776.1623684210526,2.0128723156397736,398.0860773809019,211.0,108.89598136303891,High value / Low risk
18168,2009-12-03 17:29:00,2010-12-15 11:08:00,12,2725.4,54.53611111111111,431.2715277777778,227.11666666666667,2,0,2011-02-08,0.2482686747462093,436.18647265195165,485.7773148148148,1.8023954887571165,242.0037529902686,403.28,108.29143750752371,High value / Low risk
14396,2009-12-02 14:21:00,2010-12-03 15:19:00,6,1591.74,66.36180555555555,432.40208333333334,265.29,1,1,2011-02-08,0.4913909536307521,219.35127264374245,235.88140877598155,0.7245743415398094,302.73121758299374,0.0,107.7872310445277,Low value / High risk
14692,2010-04-01 14:04:00,2011-01-21 13:47:00,9,1383.19,17.425694444444446,312.4138888888889,153.6877777777778,2,0,2011-02-08,0.33179726990191943,324.75646294583566,340.2735782747604,1.7637654280771355,184.12678793681002,220.7,107.75330778843214,Low value / Low risk
13576,2009-12-08 15:12:00,2011-02-02 15:13:00,13,5807.97,5.365972222222222,426.3666666666667,446.7669230769231,4,0,2011-02-08,0.1193082260544826,897.614592946152,1047.3388524590164,1.980644176910437,453.1932607634356,1120.8000000000002,107.0928047650219,High value / Low risk
13784,2010-09-15 12:27:00,2011-02-01 13:28:00,6,777.0799999999999,6.438888888888889,145.48125,129.51333333333332,3,0,2011-02-08,0.3719979031515155,287.1848882329185,409.82986301369857,2.0616556987304895,139.2981807824454,96.75,106.83217623944802,Low value / Low risk
17290,2009-12-13 13:28:00,2010-11-23 11:13:00,6,974.95,76.53263888888888,421.43888888888887,162.49166666666667,1,1,2011-02-08,0.5330961574582037,200.10982876437805,148.24476698262242,0.7402929230946222,270.31168679536404,0.0,106.67778078390906,Low value / High risk
16658,2010-03-30 16:24:00,2010-12-06 13:47:00,6,690.83,63.425694444444446,314.31666666666666,115.13833333333334,1,1,2011-02-08,0.5630029434273144,189.25599345458068,140.72462962962962,0.9468975177123315,199.8695634051465,0.0,106.55168137618946,Low value / High risk
13531,2009-12-03 15:20:00,2010-12-08 15:03:00,5,1254.72,61.37291666666667,431.3611111111111,250.94400000000002,1,1,2011-02-08,0.5399663441199332,195.67675344597524,178.91377777777777,0.5721713783469937,341.9897618984131,0.0,105.65886118748078,Low value / High risk
17706,2010-01-19 12:13:00,2010-12-08 11:04:00,17,10245.49,61.53888888888889,384.49097222222224,602.6758823529411,5,0,2011-02-08,0.0761043688521258,1382.7142347290924,1446.4221176470587,1.9865975237771045,696.0213219737368,411.02,105.23059413690771,High value / Low risk
13694,2009-12-04 15:26:00,2011-02-04 08:59:00,100,138699.89,3.6256944444444446,430.3569444444444,1386.9989,9,0,2011-02-08,0.005015093574543436,20943.566344699702,13380.83857587007,8.294623956842576,2524.9567013128417,13361.17,105.03394500332764,High value / Low risk
16019,2009-12-14 14:12:00,2011-01-28 13:18:00,21,14367.07,10.445833333333333,420.40833333333336,684.1461904761904,6,0,2011-02-08,0.04865562125877575,2152.3658333892063,2127.190886777514,2.6347815120441864,816.9048642364659,1665.3500000000001,104.72469679971444,High value / Low risk
17827,2010-03-28 12:20:00,2010-12-10 11:31:00,4,1659.8,59.52013888888889,316.4861111111111,414.95,3,0,2011-02-08,0.3801069658235603,274.34110958619846,201.58454258675079,0.33422440081418026,820.8290864398159,309.51,104.27896676547874,Low value / Low risk
17812,2010-06-27 13:34:00,2010-12-06 15:27:00,4,405.48,63.35625,225.43472222222223,101.37,2,1,2011-02-08,0.5710983433378082,181.07037661799671,138.15026548672566,0.9700871934084428,186.65371303562745,0.0,103.40899211409092,Low value / High risk
14312,2010-07-23 15:05:00,2011-02-02 12:38:00,7,1915.0700000000002,5.473611111111111,199.37152777777777,273.5814285714286,4,0,2011-02-08,0.23696163296684777,433.1869022527672,737.3019500000001,1.9338161834421908,224.00624524803334,157.65,102.64867573766598,High value / Low risk
14616,2010-06-09 09:42:00,2011-01-26 12:42:00,3,359.3,12.470833333333333,243.59583333333333,119.76666666666667,2,0,2011-02-08,0.6102338677616993,168.16388177977672,113.38565573770492,0.670794571955239,250.69356373831545,168.48000000000002,102.6192959962943,Low value / High risk
15658,2009-12-03 11:19:00,2011-02-03 12:12:00,5,1669.5700000000002,4.491666666666666,431.5284722222222,333.91400000000004,2,0,2011-02-08,0.39685949104927704,257.8790213267598,297.5853935185185,0.7278692096949994,354.29307613495484,21.25,102.34173715602356,Low value / Low risk
14805,2010-03-28 12:34:00,2011-01-30 10:43:00,4,645.4,8.553472222222222,316.4763888888889,161.35,1,1,2011-02-08,0.6173641594138479,165.0030624243316,156.76908517350157,0.7447651067567362,221.5504740049896,0.0,101.86697693430816,Low value / High risk
14013,2010-03-26 10:02:00,2010-11-24 16:16:00,2,611.55,75.32222222222222,318.58194444444445,305.775,1,0,2011-02-08,0.7199927650473107,141.27839602117209,147.61551724137928,0.33135501159430825,426.3656533861184,118.5,101.71942299273266,Low value / High risk
15660,2010-02-05 16:01:00,2010-12-09 09:49:00,7,1212.1299999999999,60.59097222222222,367.3326388888889,173.16142857142856,2,0,2011-02-08,0.38766388752903336,261.02057277565063,253.62502717391303,1.1850278291469822,220.26535272470426,155.0,101.1882499672637,Low value / Low risk
13859,2010-06-28 15:36:00,2011-01-17 16:14:00,2,515.86,21.323611111111113,224.35,257.93,1,1,2011-02-08,0.7271177120595128,138.95855303748453,176.53875555555555,0.4416980599235933,314.6007774213954,0.0,101.03922515571622,Low value / High risk
16419,2010-02-09 13:26:00,2011-02-01 12:25:00,3,757.65,6.482638888888889,363.4402777777778,252.54999999999998,1,0,2011-02-08,0.6417322538555414,156.78791549986244,160.27211538461538,0.4846595745456555,323.50112065121874,264.27,100.6158623910389,Low value / High risk
15240,2009-12-05 14:57:00,2011-02-01 08:23:00,8,3066.31,6.6506944444444445,429.37708333333336,383.28875,3,0,2011-02-08,0.2288328099866868,438.99223015892613,549.0834186046511,1.1951020974095914,367.3261314748346,316.2,100.45582558958942,High value / Low risk
15719,2009-12-01 12:47:00,2011-02-03 12:44:00,20,6024.95,4.469444444444444,433.46736111111113,301.2475,3,0,2011-02-08,0.10905679525888813,919.8601081149799,1068.9427419354838,3.027319973938034,303.85295113631366,846.8299999999999,100.31699547751406,High value / Low risk
17581,2009-12-03 12:34:00,2011-01-14 12:09:00,21,8161.66,24.49375,431.4763888888889,388.6504761904762,4,0,2011-02-08,0.08164046749378838,1225.7968498619061,831.2801851851851,1.8056871833583277,678.8533812274693,829.25,100.07462787513914,High value / Low risk
14341,2009-12-01 12:20:00,2011-01-25 13:55:00,12,2620.67,13.42013888888889,433.4861111111111,218.38916666666668,2,1,2011-02-08,0.24343975554161673,409.451528206555,309.97172043010755,1.1853558373480186,345.4249899529036,0.0,99.67677993274513,High value / Low risk
12897,2010-06-14 11:58:00,2010-11-23 13:29:00,2,297.75,76.43819444444445,238.5013888888889,148.875,1,0,2011-02-08,0.7675335170398753,129.22242103394336,95.92782426778241,0.4154749256977111,311.0233928484105,128.8,99.18253929659011,Low value / High risk
12829,2010-06-07 15:04:00,2011-01-07 11:13:00,3,385.3,31.53263888888889,245.37222222222223,128.43333333333334,2,1,2011-02-08,0.6107144731120406,161.7522160017788,120.60203252032521,0.6655131026128628,243.0488826842408,0.0,98.78441937023133,Low value / High risk
16255,2010-01-24 12:21:00,2011-02-07 14:49:00,10,2803.3,0.38263888888888886,379.48541666666665,280.33000000000004,3,0,2011-02-08,0.20044319664811897,491.1456235420342,568.037105263158,1.6727883699247998,293.60894203497696,168.46,98.44679880249896,High value / Low risk
13233,2010-01-14 14:10:00,2011-01-07 14:49:00,3,875.5799999999999,31.382638888888888,389.40972222222223,291.85999999999996,1,1,2011-02-08,0.6397632059011401,153.7899446094903,172.87092307692305,0.4565874804466248,336.8247076311774,0.0,98.38914799872627,Low value / High risk
15164,2010-01-18 13:34:00,2011-01-04 14:21:00,7,1371.97,34.40208333333333,385.4347222222222,195.99571428571429,2,1,2011-02-08,0.3737861912253013,261.58607307104273,273.68313471502586,1.1400380664954892,229.45380576208834,0.0,97.77726193080842,Low value / Low risk
16699,2009-12-04 13:31:00,2010-11-24 14:38:00,7,994.6,75.39027777777778,430.43680555555557,142.0857142857143,1,1,2011-02-08,0.5055428704456364,192.16137993616223,177.68955916473317,1.0348394672763759,185.6919706028582,0.0,97.14581560172198,Low value / High risk
15046,2010-01-14 14:29:00,2011-02-02 12:10:00,13,3491.68,5.493055555555555,389.3965277777778,268.59076923076924,3,0,2011-02-08,0.16822014033970786,573.3978688995393,689.3829743589744,2.1407197403652845,267.8528431758642,558.4300000000001,96.4570699767699,High value / Low risk
17908,2009-12-14 12:24:00,2010-12-01 11:45:00,5,1142.47,68.51041666666667,420.48333333333335,228.494,1,1,2011-02-08,0.5486842489179988,175.2246481937174,208.95532066508312,0.7421974055535472,236.0890066208612,0.0,96.1430044860904,Low value / High risk
13405,2009-12-15 14:13:00,2011-01-26 09:27:00,4,801.4100000000001,12.60625,419.40763888888887,200.35250000000002,1,1,2011-02-08,0.5999303276160187,159.76835935509052,146.92516666666668,0.5874796668168997,271.9555558760907,0.0,95.84988417057326,Low value / High risk
14605,2009-12-08 13:59:00,2010-11-30 14:07:00,4,921.5600000000001,69.41180555555556,426.4173611111111,230.39000000000001,1,1,2011-02-08,0.6000379017829491,159.33111039248803,124.63721311475412,0.42157536981144555,377.94217072916456,0.0,95.60470516865595,Low value / High risk
17362,2010-01-06 10:53:00,2011-02-03 10:26:00,6,861.81,4.565277777777778,397.5465277777778,143.635,1,0,2011-02-08,0.5249841973009853,181.82019625896643,166.73208542713567,0.9464647248848962,192.10456711007205,162.23000000000002,95.45272978612111,Low value / High risk
15983,2009-12-06 12:52:00,2010-12-14 12:30:00,7,2783.62,55.479166666666664,428.4638888888889,397.65999999999997,4,1,2011-02-08,0.22045195926520417,432.6552610208544,499.62410256410254,1.040432066782108,415.84191302272023,0.0,95.37969997844567,High value / Low risk
13611,2009-12-03 07:57:00,2010-12-15 10:31:00,8,2446.6800000000003,54.56180555555556,431.66875,305.83500000000004,3,1,2011-02-08,0.252838818707476,376.68002792104403,436.09805555555556,1.188024973169787,317.0640655103558,0.0,95.23933329025584,High value / Low risk
12474,2010-02-11 09:41:00,2011-01-26 13:38:00,16,5648.46,12.431944444444444,361.5965277777778,353.02875,5,0,2011-02-08,0.0913490842018352,1037.2026345423894,1051.2845096685082,2.4588021758802268,421.83248604417764,1351.25,94.74751079717804,High value / Low risk
17314,2009-12-03 11:25:00,2011-02-01 10:15:00,11,2942.71,6.572916666666667,431.52430555555554,267.5190909090909,3,0,2011-02-08,0.194185205356428,483.62181880647256,524.5108101851852,1.6526173491256404,292.6399260314828,220.8,93.91220219978409,High value / Low risk
13728,2009-12-09 17:13:00,2011-02-02 12:09:00,11,1997.61,5.49375,425.28263888888887,181.60090909090908,2,0,2011-02-08,0.26800764253755466,350.1460546905734,361.07035211267606,1.6727375705653011,209.3251570670716,183.0,93.84181866144625,High value / Low risk
12779,2009-12-03 07:25:00,2011-02-04 13:19:00,9,3691.33,3.4451388888888888,431.69097222222223,410.1477777777778,4,0,2011-02-08,0.16781785477144984,558.1522693810101,657.9453935185185,1.344526171630965,415.1293453097671,1023.6199999999999,93.6679164833375,High value / Low risk
17231,2009-12-07 16:38:00,2011-01-19 17:17:00,17,4323.07,19.27986111111111,427.30694444444447,254.29823529411763,3,0,2011-02-08,0.1378067268237115,679.7031257362927,640.4988262781748,2.1310795509214886,318.94779593862927,562.51,93.66766296956412,High value / Low risk
13211,2009-12-06 15:24:00,2010-12-13 16:17:00,8,1634.05,56.321527777777774,428.35833333333335,204.25625,2,1,2011-02-08,0.341900434633582,272.31539331854776,256.6296474358974,1.0403710013625644,261.74835031147427,0.0,93.10475133302631,Low value / Low risk
17591,2010-01-17 16:09:00,2011-01-24 11:50:00,3,829.38,14.506944444444445,386.32708333333335,276.46,2,0,2011-02-08,0.5391379948627034,171.0091331834569,165.01875968992246,0.45999206650338986,371.76539691950677,477.72,92.19752116773795,Low value / High risk
16748,2009-12-10 12:28:00,2011-02-03 14:51:00,11,2731.23,4.38125,424.48055555555555,248.29363636363635,3,1,2011-02-08,0.19662430522601773,467.1699946420818,494.83461176470587,1.6761720279557233,278.71243932631853,0.0,91.85697561894176,High value / Low risk
14871,2009-12-01 11:57:00,2010-12-14 12:18:00,6,847.84,55.4875,433.50208333333336,141.30666666666667,1,0,2011-02-08,0.5419988084513176,167.32484523789134,150.42322580645165,0.8768855266649097,190.81720492557787,108.2,90.68986674323824,Low value / High risk
17811,2010-09-20 11:24:00,2011-02-02 10:34:00,12,2679.5,5.559722222222222,140.525,223.29166666666666,9,0,2011-02-08,0.08728926099616471,1038.0575430055417,1341.3336288416074,3.955951425549958,262.40401646519973,2436.29,90.6112758004482,High value / Low risk
17419,2010-01-25 13:19:00,2011-01-19 09:54:00,9,2604.15,19.5875,378.4451388888889,289.35,4,0,2011-02-08,0.19212941199840358,467.8770008014212,470.2891820580475,1.3309412711001016,351.5384269470382,1341.33,89.89293305155365,High value / Low risk
15434,2010-01-24 15:35:00,2010-11-30 15:46:00,6,1525.5800000000002,69.34305555555555,379.35069444444446,254.26333333333335,3,1,2011-02-08,0.3268941275954645,273.4932816186423,309.13068421052634,0.9812382222179947,278.72261335319473,0.0,89.40334769794676,Low value / Low risk
18025,2010-03-30 17:33:00,2010-11-25 12:37:00,6,1177.72,74.47430555555556,314.26875,196.28666666666666,3,1,2011-02-08,0.3482350363326079,255.8001927367663,239.90592592592589,0.9457888075298333,270.46227519318313,0.0,89.0785894115759,Low value / Low risk
18006,2009-12-17 12:27:00,2010-11-23 10:22:00,3,524.8299999999999,76.56805555555556,417.48125,174.9433333333333,1,1,2011-02-08,0.6825334585052634,128.87354959999388,96.67921052631579,0.4291303071482213,300.3133254708133,0.0,87.96050951833342,Low value / High risk
12682,2009-12-01 09:28:00,2011-02-02 09:06:00,26,13582.539999999999,5.620833333333334,433.60555555555555,522.4053846153846,6,0,2011-02-08,0.04190739204020769,2059.150312662187,2409.8054838709672,3.9479796533808367,521.5706496609833,1064.95,86.29361942245052,High value / Low risk
15570,2010-03-28 14:04:00,2011-01-14 13:41:00,17,6123.31,24.429861111111112,316.4138888888889,360.194705882353,6,0,2011-02-08,0.07574730691065686,1138.6133862078725,1312.3813416218225,2.9442976898732156,386.7181603694776,725.7900000000001,86.24689761766999,High value / Low risk
17256,2010-04-18 13:40:00,2011-01-31 14:53:00,4,386.83,7.379861111111111,295.43055555555554,96.7075,1,1,2011-02-08,0.6561827154152072,128.7460860887858,75.47105574324324,0.575168045480782,223.8408185231625,0.0,84.4809563688195,Low value / High risk
17530,2009-12-06 16:17:00,2010-12-09 20:01:00,3,725.21,60.16597222222222,428.32152777777776,241.73666666666668,1,0,2011-02-08,0.6571914648602909,127.29106440105457,130.16589743589745,0.4201311864170894,302.9793276871503,772.8499999999999,83.65460107735468,Low value / High risk
15965,2009-12-03 11:45:00,2010-12-07 13:18:00,10,2119.26,62.44583333333333,431.5104166666667,211.92600000000002,3,1,2011-02-08,0.2338826885894584,355.1147517163003,339.964625,1.3409328918235233,264.8266396339811,0.0,83.0551928891863,High value / Low risk
15889,2009-12-10 12:21:00,2010-12-05 15:12:00,7,1279.6,64.36666666666666,424.48541666666665,182.79999999999998,2,1,2011-02-08,0.38238478889041794,217.15034319788595,231.8334117647059,1.0482451788523917,207.1560619392688,0.0,83.03498814120542,Low value / Low risk
17027,2009-12-10 12:10:00,2011-01-26 14:19:00,4,620.6700000000001,12.403472222222222,424.49305555555554,155.16750000000002,1,0,2011-02-08,0.6197725412847392,133.5301729945852,112.4508,0.5815219414539116,229.62189983878383,245.63,82.75833465504493,Low value / High risk
14472,2010-01-19 13:09:00,2011-01-09 11:34:00,3,812.3199999999999,29.518055555555556,384.45208333333335,270.7733333333333,2,0,2011-02-08,0.5457243200315688,149.7660338680407,162.46399999999997,0.4616701769135627,324.4004948928746,709.49,81.7309669964614,Low value / High risk
15797,2010-01-27 13:12:00,2011-01-24 15:47:00,3,628.6800000000001,14.342361111111112,376.45,209.56000000000003,1,0,2011-02-08,0.660078109203579,119.59933371825484,128.4041379310345,0.4703245697536705,254.2910607049388,1495.2,78.94490206275351,Low value / High risk
17860,2009-12-11 16:48:00,2010-12-06 12:41:00,4,717.39,63.47152777777778,423.3,179.3475,1,1,2011-02-08,0.6191819695804687,127.31102295657294,97.7105483490566,0.42430399082291276,300.04672524917964,0.0,78.82868994355509,Low value / High risk
14577,2009-12-11 12:09:00,2010-12-12 11:26:00,4,851.34,57.52361111111111,423.49375,212.835,2,0,2011-02-08,0.5030598574984304,155.20035499577827,154.60655660377358,0.5815746916400862,266.8622916827778,121.11,78.07506846788203,Low value / High risk
17998,2009-12-01 13:07:00,2010-11-24 15:31:00,3,639.24,75.35347222222222,433.4534722222222,213.08,1,1,2011-02-08,0.6678163608744607,116.56855932602994,113.4135483870968,0.415553084521512,280.5142439509326,0.0,77.846391081488,Low value / High risk
18011,2010-05-21 13:28:00,2010-12-01 17:35:00,2,410.78999999999996,68.26736111111111,262.43888888888887,205.39499999999998,1,1,2011-02-08,0.7467042565762021,103.73563370540141,120.26931558935361,0.3869978964984069,268.0521900610084,0.0,77.45983924645297,Low value / High risk
13487,2009-12-05 10:25:00,2010-12-21 14:54:00,3,464.62,48.37916666666667,429.56597222222223,154.87333333333333,1,1,2011-02-08,0.6881400554976667,111.10049110247485,83.19939534883721,0.41958782433089764,264.7848308745446,0.0,76.45269811307506,Low value / High risk
14907,2010-04-16 13:40:00,2010-12-14 11:04:00,12,3007.3100000000004,55.53888888888889,297.43055555555554,250.6091666666667,6,1,2011-02-08,0.12021583566857623,634.4684205300013,518.0377404921701,1.6206494332146246,391.49023072282023,0.0,76.27315137933574,High value / Low risk
13600,2010-03-15 17:16:00,2011-01-31 15:27:00,2,518.42,7.35625,329.28055555555557,259.21,1,1,2011-02-08,0.7178743314412901,105.45044566256232,120.96466666666666,0.3261804138196215,323.28871138435875,0.0,75.700168180198,Low value / High risk
16593,2009-12-05 10:44:00,2011-01-16 12:11:00,6,810.71,22.492361111111112,429.5527777777778,135.11833333333334,2,1,2011-02-08,0.4362996276313601,172.99681992448643,145.1736511627907,0.8851587850224385,195.44156692756658,0.0,75.47844811446289,Low value / Low risk
16717,2009-12-07 15:55:00,2010-12-08 16:48:00,9,3127.8500000000004,61.3,427.33680555555554,347.53888888888895,5,1,2011-02-08,0.1602353669687599,469.57244009209415,437.6716381100727,1.0421386056750037,450.58539961481165,0.0,75.24211225657272,High value / Low risk
13187,2010-03-25 17:18:00,2011-01-06 18:57:00,4,341.36,32.21041666666667,319.27916666666664,85.34,1,1,2011-02-08,0.6734532100158118,110.36108277648883,41.069875,0.33331999699450143,331.0964951746036,0.0,74.32302545664713,Low value / High risk
15916,2009-12-10 16:21:00,2011-01-13 15:11:00,8,2217.44,25.367361111111112,424.31875,277.18,4,0,2011-02-08,0.21418858805411553,338.51103936733784,351.52945882352947,1.0503028283551596,322.2985126084707,158.54000000000002,72.50520156282121,High value / Low risk
15512,2010-02-01 13:23:00,2010-12-15 12:01:00,3,311.78000000000003,54.49930555555556,371.4423611111111,103.92666666666668,2,1,2011-02-08,0.6266595703840616,112.25465863825012,64.53510752688173,0.4745411350804169,236.55411583914042,0.0,70.34545615585532,Low value / High risk
18101,2010-02-03 13:52:00,2010-11-30 14:21:00,3,399.61,69.40208333333334,369.4222222222222,133.20333333333335,2,1,2011-02-08,0.6090204112626285,114.82689359730676,83.1620810810811,0.47614998059384117,241.1569847259005,0.0,69.93192196264185,Low value / High risk
16600,2009-12-18 12:59:00,2011-01-05 12:13:00,8,1465.75,33.490972222222226,416.4590277777778,183.21875,3,0,2011-02-08,0.2836432334287342,244.7167445269414,270.6540767386091,1.2260294710432478,199.6010294260774,111.6,69.41224869177515,Low value / Low risk
13534,2010-07-07 15:00:00,2011-01-27 16:11:00,16,2700.97,11.325694444444444,215.375,168.810625,7,0,2011-02-08,0.08881674904981629,780.3576044172707,722.1343402777777,3.180829133832213,245.33150684428878,1164.05,69.30882552064455,High value / Low risk
15527,2009-12-15 17:31:00,2011-01-28 12:07:00,17,3706.66,10.495138888888889,419.2701388888889,218.03882352941176,4,1,2011-02-08,0.1164541666524248,593.2187759288926,519.6591960784314,2.0088018576569513,295.3097507689572,0.0,69.0827981933707,High value / Low risk
13010,2010-03-01 11:28:00,2010-11-30 15:09:00,2,330.12,69.36875,343.52222222222224,165.06,1,1,2011-02-08,0.7580935449431339,91.03383811512235,73.89313953488373,0.3119610918093953,291.8115127342322,0.0,69.01216504647248,Low value / High risk
14238,2009-12-05 10:58:00,2011-01-17 14:40:00,3,434.23,21.38888888888889,429.54305555555555,144.74333333333334,1,1,2011-02-08,0.6880466463519304,99.70764419267452,77.75746511627908,0.4201596489319277,237.3089477919587,0.0,68.60351020242123,Low value / High risk
18144,2009-12-16 15:57:00,2011-01-25 12:15:00,10,2664.25,13.489583333333334,418.3354166666667,266.425,4,0,2011-02-08,0.17778758325698535,384.88266932565153,489.6115751789976,1.538247391322675,250.2085630027995,363.4,68.42735961690504,High value / Low risk
18212,2010-01-31 14:42:00,2011-01-17 16:14:00,2,514.37,21.323611111111113,372.3875,257.185,1,1,2011-02-08,0.7230382684144587,94.53016983552989,106.18361930294907,0.29388576140981815,321.6561747736712,0.0,68.34893031080622,Low value / High risk
17696,2009-12-10 17:09:00,2010-12-10 09:52:00,21,5569.48,59.58888888888889,424.28541666666666,265.2133333333333,5,0,2011-02-08,0.07909157393690577,853.2023611947096,864.9074823529411,2.756918856460025,309.47677665430086,318.24,67.48111763357396,High value / Low risk
12665,2010-02-08 15:11:00,2011-01-19 08:34:00,3,313.6,19.643055555555556,364.3673611111111,104.53333333333335,1,1,2011-02-08,0.7115438573043184,94.44542206262962,66.15671232876713,0.48322954913703386,195.4462888937424,0.0,67.20205991917786,Low value / High risk
14030,2009-12-10 17:27:00,2011-02-07 16:21:00,15,6146.69,0.31875,424.2729166666667,409.7793333333333,6,0,2011-02-08,0.07518710553065355,888.5845448193136,816.6661066666666,1.6763235784447104,530.0793690701055,451.29,66.81009994423748,High value / Low risk
13078,2009-12-01 09:06:00,2011-01-27 13:37:00,35,18035.86,11.432638888888889,433.62083333333334,515.3102857142858,8,0,2011-02-08,0.024508669273501895,2710.5303445417912,3108.4846267281105,5.174547637973211,523.8197682538804,1884.27,66.4314917701659,High value / Low risk
15827,2010-01-08 11:25:00,2011-01-27 14:31:00,17,2135.33,11.395138888888889,395.52430555555554,125.60764705882353,3,0,2011-02-08,0.16638147080859067,381.94230800432206,317.50821895424843,2.11266609011139,180.78687862320174,429.36,63.54812296978686,High value / Low risk
13418,2009-12-11 12:51:00,2010-12-15 13:50:00,18,7011.85,54.423611111111114,423.46458333333334,389.5472222222222,7,0,2011-02-08,0.06212508035372495,1013.6404876633909,1061.1486831761006,2.2989137302445495,440.92149884874704,362.24,62.9724967458771,High value / Low risk
17707,2009-12-07 12:19:00,2011-01-07 13:30:00,7,540.6,31.4375,427.4868055555556,77.22857142857143,2,1,2011-02-08,0.44632073002671435,139.87327387084107,97.25747663551401,1.0437217351826635,134.0139513779136,0.0,62.42834170526034,Low value / Low risk
14796,2009-12-14 15:06:00,2011-01-24 09:52:00,13,3516.4,14.588888888888889,420.37083333333334,270.4923076923077,6,0,2011-02-08,0.10425666007977033,567.7190931136527,643.1420427553443,2.004453519340172,283.2288639451889,1733.32,59.188496511545566,High value / Low risk
13000,2009-12-14 17:03:00,2010-12-10 10:26:00,2,699.4000000000001,59.56527777777778,420.2895833333333,349.70000000000005,1,0,2011-02-08,0.7071844642353504,83.06323208361712,127.91876484560572,0.26379332240257375,314.8799648417738,256.78,58.741027278709346,Low value / High risk
15503,2009-12-13 11:34:00,2010-12-12 10:57:00,2,257.3,57.54375,421.5180555555556,128.65,1,1,2011-02-08,0.7703698812428784,75.35420982393714,46.948104265402854,0.2633362548681714,286.1520524838487,0.0,58.0506136732174,Low value / High risk
13148,2009-12-07 15:26:00,2011-01-30 15:22:00,18,5883.27,8.359722222222222,427.3569444444444,326.84833333333336,7,0,2011-02-08,0.06250303565688267,906.6945315171097,764.4279945482866,1.9765007318282626,458.7372607134921,710.6700000000001,56.671160633314436,High value / Low risk
17368,2009-12-15 17:45:00,2011-01-13 09:55:00,8,1573.4199999999998,25.586805555555557,419.2604166666667,196.67749999999998,5,0,2011-02-08,0.2022701384298167,275.267791222349,252.40279166666662,1.0610593057107938,259.4273380769698,194.92000000000002,55.678454235814414,Low value / Low risk
14723,2009-12-04 11:22:00,2010-12-16 19:19:00,8,1136.35,53.19513888888889,430.5263888888889,142.04375,4,1,2011-02-08,0.25751092894096184,212.4859033598762,177.63707946635728,1.0363910433144472,205.02483568396366,0.0,54.71744236106117,Low value / Low risk
17988,2009-12-07 13:35:00,2011-01-17 11:59:00,8,353.40999999999997,21.500694444444445,427.43402777777777,44.176249999999996,1,1,2011-02-08,0.5592088706110985,95.75096527909811,55.6331746495327,1.044094965005839,91.70714205921166,0.0,53.54478915364696,Low value / High risk
18109,2010-07-01 12:13:00,2011-01-18 13:15:00,17,2586.21,20.447916666666668,221.4909722222222,152.13,9,0,2011-02-08,0.07101167851559444,733.7723019588399,897.0187837837836,4.439404711062234,165.28619256775698,817.98,52.106402810348825,High value / Low risk
17572,2009-12-15 10:00:00,2010-12-01 12:51:00,7,496.26000000000005,68.46458333333334,419.5833333333333,70.89428571428572,3,0,2011-02-08,0.38728025761218343,133.58910440762193,90.981,1.058630006343206,126.1905515686966,81.4,51.73642276916469,Low value / Low risk
15577,2009-12-13 16:17:00,2011-02-07 13:32:00,3,166.8,0.4361111111111111,421.32152777777776,55.6,1,1,2011-02-08,0.73647888548796,69.67428436282003,30.43507109004739,0.4273954900159292,163.02063543118632,0.0,51.3136392947009,Low value / High risk
15358,2009-12-07 12:19:00,2011-01-27 08:30:00,24,9847.95,11.645833333333334,427.4868055555556,410.33125,11,0,2011-02-08,0.029435089506589886,1499.2860830880002,1328.7829731308411,2.752798182230623,544.6407560009038,2049.87,44.131620051679846,High value / Low risk
14735,2009-12-04 11:32:00,2011-02-02 16:15:00,29,7191.320000000001,5.322916666666667,430.51944444444445,247.97655172413795,8,0,2011-02-08,0.037022557210067884,1105.5810839219628,1018.9477334186736,3.508592682241008,315.1067063207252,654.6,40.93143892986973,High value / Low risk
12471,2009-12-07 10:41:00,2011-02-03 10:47:00,55,25669.35,4.550694444444445,427.5548611111111,466.7154545454545,12,0,2011-02-08,0.010560334604940805,3829.6221803754534,2686.8852336448595,4.927742624398829,777.1554791465304,1940.9099999999999,40.44209163526776,High value / Low risk
15061,2009-12-01 12:18:00,2011-01-26 09:23:00,96,94523.79,12.609027777777778,433.4875,984.6228124999999,27,0,2011-02-08,0.0021200305579502513,13953.998995356698,8210.483775201614,7.168237334259054,1946.6429952962844,4405.65,29.58290427576331,High value / Low risk
13089,2009-12-02 15:44:00,2011-02-02 10:54:00,125,67493.98,5.545833333333333,432.34444444444443,539.95184,27,0,2011-02-08,0.001896732159628057,10342.143131394234,7681.531950115473,12.258446223814614,843.6748787380934,9969.34,19.616275476791863,High value / Low risk
17841,2009-12-02 15:41:00,2011-02-02 15:48:00,103,32650.3,5.341666666666667,432.3465277777778,316.99320388349514,21,0,2011-02-08,0.0035690330907990233,4990.401835875249,5411.579129576897,14.718298772271758,339.06104999558886,3773.89,17.810909288622963,High value / Low risk
12748,2009-12-04 17:31:00,2011-01-18 10:15:00,166,25088.57,20.572916666666668,430.2701388888889,151.1359638554217,57,0,2011-02-08,0.001041375843466332,3873.5320743057346,2862.115399043972,16.216310729876394,238.86641905358087,2195.58,4.033802731074025,High value / Low risk
