profile,customer,feature,actual,training_median,raw_probability_change_to_median
highest_risk,13254,recency,71.34583333333333,26.62430555555556,-0.004330285250089161
highest_risk,13254,frequency,1.0,2.0,-0.055857903178496815
highest_risk,13254,monetary,51.410000000000004,719.36,-0.15138287882921864
highest_risk,13254,aov,51.410000000000004,308.88380952380953,-0.008918932649681133
highest_risk,13254,tenure,71.34583333333333,100.40833333333333,-0.002230983268675213
highest_risk,13254,recent_orders,1.0,1.0,0.0
highest_priority,12766,recency,29.336111111111112,26.62430555555556,-0.000424535398178133
highest_priority,12766,frequency,4.0,2.0,0.07323325535513608
highest_priority,12766,monetary,3765.13,719.36,0.0901584446637213
highest_priority,12766,aov,941.2825,308.88380952380953,0.005641815112804732
highest_priority,12766,tenure,102.6048611111111,100.40833333333333,0.0001434677926367145
highest_priority,12766,recent_orders,3.0,1.0,0.1364276114282016
borderline,15587,recency,46.58402777777778,26.62430555555556,-0.0035406686184570324
borderline,15587,frequency,4.0,2.0,0.09869832357856723
borderline,15587,monetary,953.28,719.36,0.01934362915154436
borderline,15587,aov,238.32,308.88380952380953,-0.001862604064471307
borderline,15587,tenure,186.63611111111112,100.40833333333333,0.005951892805341086
borderline,15587,recent_orders,2.0,1.0,0.09964895044039779
