month,revenue,customers,orders
2009-12,683504.01,955,1512
2010-01,555802.672,720,1011
2010-02,504558.956,772,1104
2010-03,696978.471,1057,1524
2010-04,591982.002,942,1329
2010-05,597833.38,966,1377
2010-06,636371.13,1041,1497
2010-07,589736.17,928,1381
2010-08,602224.6,911,1293
2010-09,829013.951,1145,1689
2010-10,1033112.01,1497,2133
2010-11,1166460.022,1607,2587
2010-12,570422.73,885,1400
2011-01,568101.31,741,987
2011-02,446084.92,758,997
2011-03,594081.76,974,1321
2011-04,468374.331,856,1149
2011-05,677355.15,1056,1555
2011-06,660046.05,991,1393
2011-07,598962.901,949,1331
2011-08,644051.04,935,1280
2011-09,950690.202,1266,1755
2011-10,1035642.45,1364,1929
2011-11,1156205.61,1664,2657
2011-12,517208.44,615,778
