strategy,capacity,contacts,contact_cost,assumed_success,incentive,assumed_margin,predicted_value_at_risk,scenario_retained_revenue,scenario_net_contribution
random,0.05,18,1,0.02,0,0.3,2697.9151486087,53.958302972173996,-1.8125091083478004
random,0.05,18,1,0.02,10,0.3,2697.9151486087,53.958302972173996,-181.8125091083478
random,0.05,18,1,0.02,25,0.3,2697.9151486087,53.958302972173996,-451.8125091083478
random,0.05,18,1,0.05,0,0.3,2697.9151486087,134.895757430435,22.4687272291305
random,0.05,18,1,0.05,10,0.3,2697.9151486087,134.895757430435,-157.5312727708695
random,0.05,18,1,0.05,25,0.3,2697.9151486087,134.895757430435,-427.5312727708695
random,0.05,18,1,0.1,0,0.3,2697.9151486087,269.79151486087,62.937454458261
random,0.05,18,1,0.1,10,0.3,2697.9151486087,269.79151486087,-117.062545541739
random,0.05,18,1,0.1,25,0.3,2697.9151486087,269.79151486087,-387.062545541739
random,0.05,18,5,0.02,0,0.3,2697.9151486087,53.958302972173996,-73.8125091083478
random,0.05,18,5,0.02,10,0.3,2697.9151486087,53.958302972173996,-253.8125091083478
random,0.05,18,5,0.02,25,0.3,2697.9151486087,53.958302972173996,-523.8125091083479
random,0.05,18,5,0.05,0,0.3,2697.9151486087,134.895757430435,-49.5312727708695
random,0.05,18,5,0.05,10,0.3,2697.9151486087,134.895757430435,-229.5312727708695
random,0.05,18,5,0.05,25,0.3,2697.9151486087,134.895757430435,-499.5312727708695
random,0.05,18,5,0.1,0,0.3,2697.9151486087,269.79151486087,-9.062545541738999
random,0.05,18,5,0.1,10,0.3,2697.9151486087,269.79151486087,-189.06254554173898
random,0.05,18,5,0.1,25,0.3,2697.9151486087,269.79151486087,-459.062545541739
random,0.05,18,10,0.02,0,0.3,2697.9151486087,53.958302972173996,-163.8125091083478
random,0.05,18,10,0.02,10,0.3,2697.9151486087,53.958302972173996,-343.8125091083478
random,0.05,18,10,0.02,25,0.3,2697.9151486087,53.958302972173996,-613.8125091083479
random,0.05,18,10,0.05,0,0.3,2697.9151486087,134.895757430435,-139.5312727708695
random,0.05,18,10,0.05,10,0.3,2697.9151486087,134.895757430435,-319.5312727708695
random,0.05,18,10,0.05,25,0.3,2697.9151486087,134.895757430435,-589.5312727708695
random,0.05,18,10,0.1,0,0.3,2697.9151486087,269.79151486087,-99.062545541739
random,0.05,18,10,0.1,10,0.3,2697.9151486087,269.79151486087,-279.062545541739
random,0.05,18,10,0.1,25,0.3,2697.9151486087,269.79151486087,-549.062545541739
risk,0.05,18,1,0.02,0,0.3,3307.3033513189675,66.14606702637936,1.8438201079138068
risk,0.05,18,1,0.02,10,0.3,3307.3033513189675,66.14606702637936,-178.1561798920862
risk,0.05,18,1,0.02,25,0.3,3307.3033513189675,66.14606702637936,-448.1561798920862
risk,0.05,18,1,0.05,0,0.3,3307.3033513189675,165.36516756594838,31.609550269784513
risk,0.05,18,1,0.05,10,0.3,3307.3033513189675,165.36516756594838,-148.3904497302155
risk,0.05,18,1,0.05,25,0.3,3307.3033513189675,165.36516756594838,-418.3904497302155
risk,0.05,18,1,0.1,0,0.3,3307.3033513189675,330.73033513189677,81.21910053956903
risk,0.05,18,1,0.1,10,0.3,3307.3033513189675,330.73033513189677,-98.78089946043097
risk,0.05,18,1,0.1,25,0.3,3307.3033513189675,330.73033513189677,-368.780899460431
risk,0.05,18,5,0.02,0,0.3,3307.3033513189675,66.14606702637936,-70.15617989208619
risk,0.05,18,5,0.02,10,0.3,3307.3033513189675,66.14606702637936,-250.1561798920862
risk,0.05,18,5,0.02,25,0.3,3307.3033513189675,66.14606702637936,-520.1561798920862
risk,0.05,18,5,0.05,0,0.3,3307.3033513189675,165.36516756594838,-40.39044973021549
risk,0.05,18,5,0.05,10,0.3,3307.3033513189675,165.36516756594838,-220.3904497302155
risk,0.05,18,5,0.05,25,0.3,3307.3033513189675,165.36516756594838,-490.3904497302155
risk,0.05,18,5,0.1,0,0.3,3307.3033513189675,330.73033513189677,9.219100539569027
risk,0.05,18,5,0.1,10,0.3,3307.3033513189675,330.73033513189677,-170.780899460431
risk,0.05,18,5,0.1,25,0.3,3307.3033513189675,330.73033513189677,-440.780899460431
risk,0.05,18,10,0.02,0,0.3,3307.3033513189675,66.14606702637936,-160.1561798920862
risk,0.05,18,10,0.02,10,0.3,3307.3033513189675,66.14606702637936,-340.1561798920862
risk,0.05,18,10,0.02,25,0.3,3307.3033513189675,66.14606702637936,-610.1561798920862
risk,0.05,18,10,0.05,0,0.3,3307.3033513189675,165.36516756594838,-130.3904497302155
risk,0.05,18,10,0.05,10,0.3,3307.3033513189675,165.36516756594838,-310.3904497302155
risk,0.05,18,10,0.05,25,0.3,3307.3033513189675,165.36516756594838,-580.3904497302154
risk,0.05,18,10,0.1,0,0.3,3307.3033513189675,330.73033513189677,-80.78089946043097
risk,0.05,18,10,0.1,10,0.3,3307.3033513189675,330.73033513189677,-260.780899460431
risk,0.05,18,10,0.1,25,0.3,3307.3033513189675,330.73033513189677,-530.780899460431
value,0.05,18,1,0.02,0,0.3,2712.0999284618756,54.241998569237516,-1.7274004292287444
value,0.05,18,1,0.02,10,0.3,2712.0999284618756,54.241998569237516,-181.72740042922874
value,0.05,18,1,0.02,25,0.3,2712.0999284618756,54.241998569237516,-451.72740042922874
value,0.05,18,1,0.05,0,0.3,2712.0999284618756,135.60499642309378,22.681498926928136
value,0.05,18,1,0.05,10,0.3,2712.0999284618756,135.60499642309378,-157.31850107307187
value,0.05,18,1,0.05,25,0.3,2712.0999284618756,135.60499642309378,-427.31850107307184
value,0.05,18,1,0.1,0,0.3,2712.0999284618756,271.20999284618756,63.36299785385627
value,0.05,18,1,0.1,10,0.3,2712.0999284618756,271.20999284618756,-116.63700214614373
value,0.05,18,1,0.1,25,0.3,2712.0999284618756,271.20999284618756,-386.63700214614374
value,0.05,18,5,0.02,0,0.3,2712.0999284618756,54.241998569237516,-73.72740042922874
value,0.05,18,5,0.02,10,0.3,2712.0999284618756,54.241998569237516,-253.72740042922874
value,0.05,18,5,0.02,25,0.3,2712.0999284618756,54.241998569237516,-523.7274004292287
value,0.05,18,5,0.05,0,0.3,2712.0999284618756,135.60499642309378,-49.318501073071864
value,0.05,18,5,0.05,10,0.3,2712.0999284618756,135.60499642309378,-229.31850107307187
value,0.05,18,5,0.05,25,0.3,2712.0999284618756,135.60499642309378,-499.31850107307184
value,0.05,18,5,0.1,0,0.3,2712.0999284618756,271.20999284618756,-8.637002146143729
value,0.05,18,5,0.1,10,0.3,2712.0999284618756,271.20999284618756,-188.63700214614374
value,0.05,18,5,0.1,25,0.3,2712.0999284618756,271.20999284618756,-458.63700214614374
value,0.05,18,10,0.02,0,0.3,2712.0999284618756,54.241998569237516,-163.72740042922874
value,0.05,18,10,0.02,10,0.3,2712.0999284618756,54.241998569237516,-343.72740042922874
value,0.05,18,10,0.02,25,0.3,2712.0999284618756,54.241998569237516,-613.7274004292287
value,0.05,18,10,0.05,0,0.3,2712.0999284618756,135.60499642309378,-139.31850107307187
value,0.05,18,10,0.05,10,0.3,2712.0999284618756,135.60499642309378,-319.31850107307184
value,0.05,18,10,0.05,25,0.3,2712.0999284618756,135.60499642309378,-589.3185010730718
value,0.05,18,10,0.1,0,0.3,2712.0999284618756,271.20999284618756,-98.63700214614373
value,0.05,18,10,0.1,10,0.3,2712.0999284618756,271.20999284618756,-278.63700214614374
value,0.05,18,10,0.1,25,0.3,2712.0999284618756,271.20999284618756,-548.6370021461437
risk_value,0.05,18,1,0.02,0,0.3,6080.521979825763,121.61043959651526,18.48313187895458
risk_value,0.05,18,1,0.02,10,0.3,6080.521979825763,121.61043959651526,-161.51686812104543
risk_value,0.05,18,1,0.02,25,0.3,6080.521979825763,121.61043959651526,-431.51686812104543
risk_value,0.05,18,1,0.05,0,0.3,6080.521979825763,304.02609899128817,73.20782969738644
risk_value,0.05,18,1,0.05,10,0.3,6080.521979825763,304.02609899128817,-106.79217030261356
risk_value,0.05,18,1,0.05,25,0.3,6080.521979825763,304.02609899128817,-376.79217030261356
risk_value,0.05,18,1,0.1,0,0.3,6080.521979825763,608.0521979825763,164.4156593947729
risk_value,0.05,18,1,0.1,10,0.3,6080.521979825763,608.0521979825763,-15.584340605227112
risk_value,0.05,18,1,0.1,25,0.3,6080.521979825763,608.0521979825763,-285.5843406052271
risk_value,0.05,18,5,0.02,0,0.3,6080.521979825763,121.61043959651526,-53.51686812104542
risk_value,0.05,18,5,0.02,10,0.3,6080.521979825763,121.61043959651526,-233.51686812104543
risk_value,0.05,18,5,0.02,25,0.3,6080.521979825763,121.61043959651526,-503.51686812104543
risk_value,0.05,18,5,0.05,0,0.3,6080.521979825763,304.02609899128817,1.207829697386444
risk_value,0.05,18,5,0.05,10,0.3,6080.521979825763,304.02609899128817,-178.79217030261356
risk_value,0.05,18,5,0.05,25,0.3,6080.521979825763,304.02609899128817,-448.79217030261356
risk_value,0.05,18,5,0.1,0,0.3,6080.521979825763,608.0521979825763,92.41565939477289
risk_value,0.05,18,5,0.1,10,0.3,6080.521979825763,608.0521979825763,-87.58434060522711
risk_value,0.05,18,5,0.1,25,0.3,6080.521979825763,608.0521979825763,-357.5843406052271
risk_value,0.05,18,10,0.02,0,0.3,6080.521979825763,121.61043959651526,-143.51686812104543
risk_value,0.05,18,10,0.02,10,0.3,6080.521979825763,121.61043959651526,-323.51686812104543
risk_value,0.05,18,10,0.02,25,0.3,6080.521979825763,121.61043959651526,-593.5168681210454
risk_value,0.05,18,10,0.05,0,0.3,6080.521979825763,304.02609899128817,-88.79217030261356
risk_value,0.05,18,10,0.05,10,0.3,6080.521979825763,304.02609899128817,-268.79217030261356
risk_value,0.05,18,10,0.05,25,0.3,6080.521979825763,304.02609899128817,-538.7921703026136
risk_value,0.05,18,10,0.1,0,0.3,6080.521979825763,608.0521979825763,2.415659394772888
risk_value,0.05,18,10,0.1,10,0.3,6080.521979825763,608.0521979825763,-177.5843406052271
risk_value,0.05,18,10,0.1,25,0.3,6080.521979825763,608.0521979825763,-447.5843406052271
random,0.1,36,1,0.02,0,0.3,5450.5518408670405,109.01103681734081,-3.2966889547977587
random,0.1,36,1,0.02,10,0.3,5450.5518408670405,109.01103681734081,-363.2966889547978
random,0.1,36,1,0.02,25,0.3,5450.5518408670405,109.01103681734081,-903.2966889547978
random,0.1,36,1,0.05,0,0.3,5450.5518408670405,272.52759204335206,45.75827761300562
random,0.1,36,1,0.05,10,0.3,5450.5518408670405,272.52759204335206,-314.2417223869944
random,0.1,36,1,0.05,25,0.3,5450.5518408670405,272.52759204335206,-854.2417223869944
random,0.1,36,1,0.1,0,0.3,5450.5518408670405,545.0551840867041,127.51655522601123
random,0.1,36,1,0.1,10,0.3,5450.5518408670405,545.0551840867041,-232.48344477398877
random,0.1,36,1,0.1,25,0.3,5450.5518408670405,545.0551840867041,-772.4834447739888
random,0.1,36,5,0.02,0,0.3,5450.5518408670405,109.01103681734081,-147.29668895479776
random,0.1,36,5,0.02,10,0.3,5450.5518408670405,109.01103681734081,-507.2966889547978
random,0.1,36,5,0.02,25,0.3,5450.5518408670405,109.01103681734081,-1047.2966889547977
random,0.1,36,5,0.05,0,0.3,5450.5518408670405,272.52759204335206,-98.24172238699438
random,0.1,36,5,0.05,10,0.3,5450.5518408670405,272.52759204335206,-458.2417223869944
random,0.1,36,5,0.05,25,0.3,5450.5518408670405,272.52759204335206,-998.2417223869944
random,0.1,36,5,0.1,0,0.3,5450.5518408670405,545.0551840867041,-16.483444773988765
random,0.1,36,5,0.1,10,0.3,5450.5518408670405,545.0551840867041,-376.48344477398877
random,0.1,36,5,0.1,25,0.3,5450.5518408670405,545.0551840867041,-916.4834447739888
random,0.1,36,10,0.02,0,0.3,5450.5518408670405,109.01103681734081,-327.2966889547978
random,0.1,36,10,0.02,10,0.3,5450.5518408670405,109.01103681734081,-687.2966889547978
random,0.1,36,10,0.02,25,0.3,5450.5518408670405,109.01103681734081,-1227.2966889547977
random,0.1,36,10,0.05,0,0.3,5450.5518408670405,272.52759204335206,-278.2417223869944
random,0.1,36,10,0.05,10,0.3,5450.5518408670405,272.52759204335206,-638.2417223869944
random,0.1,36,10,0.05,25,0.3,5450.5518408670405,272.52759204335206,-1178.2417223869943
random,0.1,36,10,0.1,0,0.3,5450.5518408670405,545.0551840867041,-196.48344477398877
random,0.1,36,10,0.1,10,0.3,5450.5518408670405,545.0551840867041,-556.4834447739888
random,0.1,36,10,0.1,25,0.3,5450.5518408670405,545.0551840867041,-1096.4834447739888
risk,0.1,36,1,0.02,0,0.3,6650.035339223237,133.00070678446474,3.900212035339422
risk,0.1,36,1,0.02,10,0.3,6650.035339223237,133.00070678446474,-356.09978796466055
risk,0.1,36,1,0.02,25,0.3,6650.035339223237,133.00070678446474,-896.0997879646605
risk,0.1,36,1,0.05,0,0.3,6650.035339223237,332.5017669611619,63.750530088348555
risk,0.1,36,1,0.05,10,0.3,6650.035339223237,332.5017669611619,-296.24946991165143
risk,0.1,36,1,0.05,25,0.3,6650.035339223237,332.5017669611619,-836.2494699116514
risk,0.1,36,1,0.1,0,0.3,6650.035339223237,665.0035339223238,163.5010601766971
risk,0.1,36,1,0.1,10,0.3,6650.035339223237,665.0035339223238,-196.4989398233029
risk,0.1,36,1,0.1,25,0.3,6650.035339223237,665.0035339223238,-736.4989398233029
risk,0.1,36,5,0.02,0,0.3,6650.035339223237,133.00070678446474,-140.09978796466058
risk,0.1,36,5,0.02,10,0.3,6650.035339223237,133.00070678446474,-500.09978796466055
risk,0.1,36,5,0.02,25,0.3,6650.035339223237,133.00070678446474,-1040.0997879646607
risk,0.1,36,5,0.05,0,0.3,6650.035339223237,332.5017669611619,-80.24946991165145
risk,0.1,36,5,0.05,10,0.3,6650.035339223237,332.5017669611619,-440.24946991165143
risk,0.1,36,5,0.05,25,0.3,6650.035339223237,332.5017669611619,-980.2494699116514
risk,0.1,36,5,0.1,0,0.3,6650.035339223237,665.0035339223238,19.50106017669711
risk,0.1,36,5,0.1,10,0.3,6650.035339223237,665.0035339223238,-340.49893982330286
risk,0.1,36,5,0.1,25,0.3,6650.035339223237,665.0035339223238,-880.4989398233029
risk,0.1,36,10,0.02,0,0.3,6650.035339223237,133.00070678446474,-320.09978796466055
risk,0.1,36,10,0.02,10,0.3,6650.035339223237,133.00070678446474,-680.0997879646605
risk,0.1,36,10,0.02,25,0.3,6650.035339223237,133.00070678446474,-1220.0997879646607
risk,0.1,36,10,0.05,0,0.3,6650.035339223237,332.5017669611619,-260.24946991165143
risk,0.1,36,10,0.05,10,0.3,6650.035339223237,332.5017669611619,-620.2494699116514
risk,0.1,36,10,0.05,25,0.3,6650.035339223237,332.5017669611619,-1160.2494699116514
risk,0.1,36,10,0.1,0,0.3,6650.035339223237,665.0035339223238,-160.4989398233029
risk,0.1,36,10,0.1,10,0.3,6650.035339223237,665.0035339223238,-520.4989398233029
risk,0.1,36,10,0.1,25,0.3,6650.035339223237,665.0035339223238,-1060.4989398233029
value,0.1,36,1,0.02,0,0.3,5995.340646347615,119.9068129269523,-0.027956121914314735
value,0.1,36,1,0.02,10,0.3,5995.340646347615,119.9068129269523,-360.0279561219143
value,0.1,36,1,0.02,25,0.3,5995.340646347615,119.9068129269523,-900.0279561219143
value,0.1,36,1,0.05,0,0.3,5995.340646347615,299.76703231738077,53.93010969521423
value,0.1,36,1,0.05,10,0.3,5995.340646347615,299.76703231738077,-306.06989030478576
value,0.1,36,1,0.05,25,0.3,5995.340646347615,299.76703231738077,-846.0698903047858
value,0.1,36,1,0.1,0,0.3,5995.340646347615,599.5340646347615,143.86021939042845
value,0.1,36,1,0.1,10,0.3,5995.340646347615,599.5340646347615,-216.13978060957155
value,0.1,36,1,0.1,25,0.3,5995.340646347615,599.5340646347615,-756.1397806095715
value,0.1,36,5,0.02,0,0.3,5995.340646347615,119.9068129269523,-144.02795612191431
value,0.1,36,5,0.02,10,0.3,5995.340646347615,119.9068129269523,-504.0279561219143
value,0.1,36,5,0.02,25,0.3,5995.340646347615,119.9068129269523,-1044.0279561219143
value,0.1,36,5,0.05,0,0.3,5995.340646347615,299.76703231738077,-90.06989030478577
value,0.1,36,5,0.05,10,0.3,5995.340646347615,299.76703231738077,-450.06989030478576
value,0.1,36,5,0.05,25,0.3,5995.340646347615,299.76703231738077,-990.0698903047858
value,0.1,36,5,0.1,0,0.3,5995.340646347615,599.5340646347615,-0.13978060957154526
value,0.1,36,5,0.1,10,0.3,5995.340646347615,599.5340646347615,-360.1397806095715
value,0.1,36,5,0.1,25,0.3,5995.340646347615,599.5340646347615,-900.1397806095715
value,0.1,36,10,0.02,0,0.3,5995.340646347615,119.9068129269523,-324.0279561219143
value,0.1,36,10,0.02,10,0.3,5995.340646347615,119.9068129269523,-684.0279561219143
value,0.1,36,10,0.02,25,0.3,5995.340646347615,119.9068129269523,-1224.0279561219143
value,0.1,36,10,0.05,0,0.3,5995.340646347615,299.76703231738077,-270.06989030478576
value,0.1,36,10,0.05,10,0.3,5995.340646347615,299.76703231738077,-630.0698903047858
value,0.1,36,10,0.05,25,0.3,5995.340646347615,299.76703231738077,-1170.0698903047858
value,0.1,36,10,0.1,0,0.3,5995.340646347615,599.5340646347615,-180.13978060957155
value,0.1,36,10,0.1,10,0.3,5995.340646347615,599.5340646347615,-540.1397806095715
value,0.1,36,10,0.1,25,0.3,5995.340646347615,599.5340646347615,-1080.1397806095715
risk_value,0.1,36,1,0.02,0,0.3,10804.388538819316,216.08777077638632,28.82633123291589
risk_value,0.1,36,1,0.02,10,0.3,10804.388538819316,216.08777077638632,-331.1736687670841
risk_value,0.1,36,1,0.02,25,0.3,10804.388538819316,216.08777077638632,-871.1736687670841
risk_value,0.1,36,1,0.05,0,0.3,10804.388538819316,540.2194269409658,126.06582808228976
risk_value,0.1,36,1,0.05,10,0.3,10804.388538819316,540.2194269409658,-233.93417191771024
risk_value,0.1,36,1,0.05,25,0.3,10804.388538819316,540.2194269409658,-773.9341719177103
risk_value,0.1,36,1,0.1,0,0.3,10804.388538819316,1080.4388538819317,288.1316561645795
risk_value,0.1,36,1,0.1,10,0.3,10804.388538819316,1080.4388538819317,-71.86834383542049
risk_value,0.1,36,1,0.1,25,0.3,10804.388538819316,1080.4388538819317,-611.8683438354205
risk_value,0.1,36,5,0.02,0,0.3,10804.388538819316,216.08777077638632,-115.17366876708411
risk_value,0.1,36,5,0.02,10,0.3,10804.388538819316,216.08777077638632,-475.1736687670841
risk_value,0.1,36,5,0.02,25,0.3,10804.388538819316,216.08777077638632,-1015.1736687670841
risk_value,0.1,36,5,0.05,0,0.3,10804.388538819316,540.2194269409658,-17.934171917710245
risk_value,0.1,36,5,0.05,10,0.3,10804.388538819316,540.2194269409658,-377.9341719177103
risk_value,0.1,36,5,0.05,25,0.3,10804.388538819316,540.2194269409658,-917.9341719177103
risk_value,0.1,36,5,0.1,0,0.3,10804.388538819316,1080.4388538819317,144.1316561645795
risk_value,0.1,36,5,0.1,10,0.3,10804.388538819316,1080.4388538819317,-215.8683438354205
risk_value,0.1,36,5,0.1,25,0.3,10804.388538819316,1080.4388538819317,-755.8683438354205
risk_value,0.1,36,10,0.02,0,0.3,10804.388538819316,216.08777077638632,-295.1736687670841
risk_value,0.1,36,10,0.02,10,0.3,10804.388538819316,216.08777077638632,-655.1736687670841
risk_value,0.1,36,10,0.02,25,0.3,10804.388538819316,216.08777077638632,-1195.173668767084
risk_value,0.1,36,10,0.05,0,0.3,10804.388538819316,540.2194269409658,-197.93417191771024
risk_value,0.1,36,10,0.05,10,0.3,10804.388538819316,540.2194269409658,-557.9341719177103
risk_value,0.1,36,10,0.05,25,0.3,10804.388538819316,540.2194269409658,-1097.9341719177103
risk_value,0.1,36,10,0.1,0,0.3,10804.388538819316,1080.4388538819317,-35.86834383542049
risk_value,0.1,36,10,0.1,10,0.3,10804.388538819316,1080.4388538819317,-395.8683438354205
risk_value,0.1,36,10,0.1,25,0.3,10804.388538819316,1080.4388538819317,-935.8683438354205
random,0.2,72,1,0.02,0,0.3,10893.42290530075,217.868458106015,-6.639462568195498
random,0.2,72,1,0.02,10,0.3,10893.42290530075,217.868458106015,-726.6394625681955
random,0.2,72,1,0.02,25,0.3,10893.42290530075,217.868458106015,-1806.6394625681955
random,0.2,72,1,0.05,0,0.3,10893.42290530075,544.6711452650375,91.40134357951123
random,0.2,72,1,0.05,10,0.3,10893.42290530075,544.6711452650375,-628.5986564204887
random,0.2,72,1,0.05,25,0.3,10893.42290530075,544.6711452650375,-1708.5986564204889
random,0.2,72,1,0.1,0,0.3,10893.42290530075,1089.342290530075,254.80268715902247
random,0.2,72,1,0.1,10,0.3,10893.42290530075,1089.342290530075,-465.19731284097753
random,0.2,72,1,0.1,25,0.3,10893.42290530075,1089.342290530075,-1545.1973128409775
random,0.2,72,5,0.02,0,0.3,10893.42290530075,217.868458106015,-294.6394625681955
random,0.2,72,5,0.02,10,0.3,10893.42290530075,217.868458106015,-1014.6394625681955
random,0.2,72,5,0.02,25,0.3,10893.42290530075,217.868458106015,-2094.6394625681955
random,0.2,72,5,0.05,0,0.3,10893.42290530075,544.6711452650375,-196.59865642048877
random,0.2,72,5,0.05,10,0.3,10893.42290530075,544.6711452650375,-916.5986564204887
random,0.2,72,5,0.05,25,0.3,10893.42290530075,544.6711452650375,-1996.5986564204889
random,0.2,72,5,0.1,0,0.3,10893.42290530075,1089.342290530075,-33.19731284097753
random,0.2,72,5,0.1,10,0.3,10893.42290530075,1089.342290530075,-753.1973128409775
random,0.2,72,5,0.1,25,0.3,10893.42290530075,1089.342290530075,-1833.1973128409775
random,0.2,72,10,0.02,0,0.3,10893.42290530075,217.868458106015,-654.6394625681955
random,0.2,72,10,0.02,10,0.3,10893.42290530075,217.868458106015,-1374.6394625681955
random,0.2,72,10,0.02,25,0.3,10893.42290530075,217.868458106015,-2454.6394625681955
random,0.2,72,10,0.05,0,0.3,10893.42290530075,544.6711452650375,-556.5986564204887
random,0.2,72,10,0.05,10,0.3,10893.42290530075,544.6711452650375,-1276.5986564204889
random,0.2,72,10,0.05,25,0.3,10893.42290530075,544.6711452650375,-2356.5986564204886
random,0.2,72,10,0.1,0,0.3,10893.42290530075,1089.342290530075,-393.19731284097753
random,0.2,72,10,0.1,10,0.3,10893.42290530075,1089.342290530075,-1113.1973128409775
random,0.2,72,10,0.1,25,0.3,10893.42290530075,1089.342290530075,-2193.1973128409777
risk,0.2,72,1,0.02,0,0.3,11801.781197772729,236.03562395545458,-1.1893128133636282
risk,0.2,72,1,0.02,10,0.3,11801.781197772729,236.03562395545458,-721.1893128133636
risk,0.2,72,1,0.02,25,0.3,11801.781197772729,236.03562395545458,-1801.1893128133636
risk,0.2,72,1,0.05,0,0.3,11801.781197772729,590.0890598886365,105.02671796659095
risk,0.2,72,1,0.05,10,0.3,11801.781197772729,590.0890598886365,-614.9732820334091
risk,0.2,72,1,0.05,25,0.3,11801.781197772729,590.0890598886365,-1694.973282033409
risk,0.2,72,1,0.1,0,0.3,11801.781197772729,1180.178119777273,282.0534359331819
risk,0.2,72,1,0.1,10,0.3,11801.781197772729,1180.178119777273,-437.9465640668181
risk,0.2,72,1,0.1,25,0.3,11801.781197772729,1180.178119777273,-1517.9465640668182
risk,0.2,72,5,0.02,0,0.3,11801.781197772729,236.03562395545458,-289.18931281336364
risk,0.2,72,5,0.02,10,0.3,11801.781197772729,236.03562395545458,-1009.1893128133636
risk,0.2,72,5,0.02,25,0.3,11801.781197772729,236.03562395545458,-2089.189312813364
risk,0.2,72,5,0.05,0,0.3,11801.781197772729,590.0890598886365,-182.97328203340905
risk,0.2,72,5,0.05,10,0.3,11801.781197772729,590.0890598886365,-902.9732820334091
risk,0.2,72,5,0.05,25,0.3,11801.781197772729,590.0890598886365,-1982.973282033409
risk,0.2,72,5,0.1,0,0.3,11801.781197772729,1180.178119777273,-5.946564066818098
risk,0.2,72,5,0.1,10,0.3,11801.781197772729,1180.178119777273,-725.9465640668182
risk,0.2,72,5,0.1,25,0.3,11801.781197772729,1180.178119777273,-1805.9465640668182
risk,0.2,72,10,0.02,0,0.3,11801.781197772729,236.03562395545458,-649.1893128133636
risk,0.2,72,10,0.02,10,0.3,11801.781197772729,236.03562395545458,-1369.1893128133636
risk,0.2,72,10,0.02,25,0.3,11801.781197772729,236.03562395545458,-2449.189312813364
risk,0.2,72,10,0.05,0,0.3,11801.781197772729,590.0890598886365,-542.9732820334091
risk,0.2,72,10,0.05,10,0.3,11801.781197772729,590.0890598886365,-1262.973282033409
risk,0.2,72,10,0.05,25,0.3,11801.781197772729,590.0890598886365,-2342.973282033409
risk,0.2,72,10,0.1,0,0.3,11801.781197772729,1180.178119777273,-365.9465640668181
risk,0.2,72,10,0.1,10,0.3,11801.781197772729,1180.178119777273,-1085.9465640668182
risk,0.2,72,10,0.1,25,0.3,11801.781197772729,1180.178119777273,-2165.946564066818
value,0.2,72,1,0.02,0,0.3,12221.101580630757,244.42203161261514,1.3266094837845372
value,0.2,72,1,0.02,10,0.3,12221.101580630757,244.42203161261514,-718.6733905162155
value,0.2,72,1,0.02,25,0.3,12221.101580630757,244.42203161261514,-1798.6733905162155
value,0.2,72,1,0.05,0,0.3,12221.101580630757,611.0550790315378,111.31652370946134
value,0.2,72,1,0.05,10,0.3,12221.101580630757,611.0550790315378,-608.6834762905387
value,0.2,72,1,0.05,25,0.3,12221.101580630757,611.0550790315378,-1688.6834762905387
value,0.2,72,1,0.1,0,0.3,12221.101580630757,1222.1101580630757,294.6330474189227
value,0.2,72,1,0.1,10,0.3,12221.101580630757,1222.1101580630757,-425.3669525810773
value,0.2,72,1,0.1,25,0.3,12221.101580630757,1222.1101580630757,-1505.3669525810774
value,0.2,72,5,0.02,0,0.3,12221.101580630757,244.42203161261514,-286.6733905162155
value,0.2,72,5,0.02,10,0.3,12221.101580630757,244.42203161261514,-1006.6733905162155
value,0.2,72,5,0.02,25,0.3,12221.101580630757,244.42203161261514,-2086.6733905162155
value,0.2,72,5,0.05,0,0.3,12221.101580630757,611.0550790315378,-176.68347629053866
value,0.2,72,5,0.05,10,0.3,12221.101580630757,611.0550790315378,-896.6834762905387
value,0.2,72,5,0.05,25,0.3,12221.101580630757,611.0550790315378,-1976.6834762905387
value,0.2,72,5,0.1,0,0.3,12221.101580630757,1222.1101580630757,6.633047418922672
value,0.2,72,5,0.1,10,0.3,12221.101580630757,1222.1101580630757,-713.3669525810774
value,0.2,72,5,0.1,25,0.3,12221.101580630757,1222.1101580630757,-1793.3669525810774
value,0.2,72,10,0.02,0,0.3,12221.101580630757,244.42203161261514,-646.6733905162155
value,0.2,72,10,0.02,10,0.3,12221.101580630757,244.42203161261514,-1366.6733905162155
value,0.2,72,10,0.02,25,0.3,12221.101580630757,244.42203161261514,-2446.6733905162155
value,0.2,72,10,0.05,0,0.3,12221.101580630757,611.0550790315378,-536.6834762905387
value,0.2,72,10,0.05,10,0.3,12221.101580630757,611.0550790315378,-1256.6834762905387
value,0.2,72,10,0.05,25,0.3,12221.101580630757,611.0550790315378,-2336.6834762905387
value,0.2,72,10,0.1,0,0.3,12221.101580630757,1222.1101580630757,-353.3669525810773
value,0.2,72,10,0.1,10,0.3,12221.101580630757,1222.1101580630757,-1073.3669525810774
value,0.2,72,10,0.1,25,0.3,12221.101580630757,1222.1101580630757,-2153.3669525810774
risk_value,0.2,72,1,0.02,0,0.3,18600.35673508056,372.0071347016112,39.60214041048336
risk_value,0.2,72,1,0.02,10,0.3,18600.35673508056,372.0071347016112,-680.3978595895167
risk_value,0.2,72,1,0.02,25,0.3,18600.35673508056,372.0071347016112,-1760.3978595895167
risk_value,0.2,72,1,0.05,0,0.3,18600.35673508056,930.017836754028,207.00535102620842
risk_value,0.2,72,1,0.05,10,0.3,18600.35673508056,930.017836754028,-512.9946489737915
risk_value,0.2,72,1,0.05,25,0.3,18600.35673508056,930.017836754028,-1592.9946489737915
risk_value,0.2,72,1,0.1,0,0.3,18600.35673508056,1860.035673508056,486.01070205241683
risk_value,0.2,72,1,0.1,10,0.3,18600.35673508056,1860.035673508056,-233.98929794758317
risk_value,0.2,72,1,0.1,25,0.3,18600.35673508056,1860.035673508056,-1313.989297947583
risk_value,0.2,72,5,0.02,0,0.3,18600.35673508056,372.0071347016112,-248.39785958951666
risk_value,0.2,72,5,0.02,10,0.3,18600.35673508056,372.0071347016112,-968.3978595895167
risk_value,0.2,72,5,0.02,25,0.3,18600.35673508056,372.0071347016112,-2048.3978595895164
risk_value,0.2,72,5,0.05,0,0.3,18600.35673508056,930.017836754028,-80.99464897379158
risk_value,0.2,72,5,0.05,10,0.3,18600.35673508056,930.017836754028,-800.9946489737915
risk_value,0.2,72,5,0.05,25,0.3,18600.35673508056,930.017836754028,-1880.9946489737915
risk_value,0.2,72,5,0.1,0,0.3,18600.35673508056,1860.035673508056,198.01070205241683
risk_value,0.2,72,5,0.1,10,0.3,18600.35673508056,1860.035673508056,-521.9892979475832
risk_value,0.2,72,5,0.1,25,0.3,18600.35673508056,1860.035673508056,-1601.989297947583
risk_value,0.2,72,10,0.02,0,0.3,18600.35673508056,372.0071347016112,-608.3978595895167
risk_value,0.2,72,10,0.02,10,0.3,18600.35673508056,372.0071347016112,-1328.3978595895167
risk_value,0.2,72,10,0.02,25,0.3,18600.35673508056,372.0071347016112,-2408.3978595895164
risk_value,0.2,72,10,0.05,0,0.3,18600.35673508056,930.017836754028,-440.9946489737916
risk_value,0.2,72,10,0.05,10,0.3,18600.35673508056,930.017836754028,-1160.9946489737915
risk_value,0.2,72,10,0.05,25,0.3,18600.35673508056,930.017836754028,-2240.9946489737918
risk_value,0.2,72,10,0.1,0,0.3,18600.35673508056,1860.035673508056,-161.98929794758317
risk_value,0.2,72,10,0.1,10,0.3,18600.35673508056,1860.035673508056,-881.9892979475832
risk_value,0.2,72,10,0.1,25,0.3,18600.35673508056,1860.035673508056,-1961.989297947583
