customer,first,last,frequency,monetary,recency,tenure,aov,recent_orders,inactive,cutoff
12369,2010-03-08 08:09:00,2010-10-22 13:13:00,3,1791.1499999999999,24.449305555555554,252.66041666666666,597.05,2,1,2010-11-16
12391,2010-02-15 10:12:00,2010-09-01 12:38:00,5,2285.1800000000003,75.47361111111111,273.575,457.03600000000006,1,1,2010-11-16
12402,2010-02-07 12:41:00,2010-11-12 09:50:00,5,1031.3,3.5902777777777777,281.4715277777778,206.26,2,0,2010-11-16
12449,2010-09-27 09:37:00,2010-10-25 12:21:00,2,768.6,21.485416666666666,49.59930555555555,384.3,2,1,2010-11-16
12457,2010-09-30 17:59:00,2010-09-30 17:59:00,1,632.68,46.25069444444444,46.25069444444444,632.68,1,1,2010-11-16
12475,2010-10-26 08:49:00,2010-10-26 08:49:00,1,426.26,20.632638888888888,20.632638888888888,426.26,1,1,2010-11-16
12524,2010-02-08 14:41:00,2010-10-26 13:15:00,8,5874.49,20.447916666666668,280.3881944444444,734.31125,4,0,2010-11-16
12563,2010-10-27 09:52:00,2010-10-27 09:52:00,1,249.24,19.58888888888889,19.58888888888889,249.24,1,1,2010-11-16
12605,2010-09-07 14:21:00,2010-10-12 16:51:00,2,758.9100000000001,34.297916666666666,69.40208333333334,379.45500000000004,2,0,2010-11-16
12631,2010-01-15 14:50:00,2010-09-09 14:49:00,5,2841.0699999999997,67.38263888888889,304.38194444444446,568.2139999999999,1,1,2010-11-16
12644,2010-01-14 13:02:00,2010-10-05 10:23:00,3,1440.5800000000002,41.56736111111111,305.45694444444445,480.1933333333334,1,1,2010-11-16
12647,2010-01-13 15:06:00,2010-11-12 11:41:00,23,12693.33,3.5131944444444443,306.37083333333334,551.8839130434783,5,0,2010-11-16
12651,2010-08-31 15:21:00,2010-10-29 09:44:00,2,164.45,17.594444444444445,76.36041666666667,82.225,2,0,2010-11-16
12683,2009-12-13 15:01:00,2010-09-09 17:37:00,6,3157.13,67.26597222222222,337.37430555555557,526.1883333333334,2,0,2010-11-16
12712,2009-12-09 10:46:00,2010-11-05 11:49:00,8,2326.9,10.50763888888889,341.5513888888889,290.8625,2,0,2010-11-16
12791,2010-03-25 17:29:00,2010-11-12 10:53:00,5,670.91,3.546527777777778,235.27152777777778,134.182,1,0,2010-11-16
12835,2009-12-03 12:13:00,2010-10-08 10:59:00,41,5996.83,38.54236111111111,347.49097222222224,146.2641463414634,4,1,2010-11-16
12862,2010-08-01 15:20:00,2010-10-10 11:47:00,2,984.62,36.509027777777774,106.36111111111111,492.31,1,1,2010-11-16
12889,2010-07-25 14:32:00,2010-10-06 11:30:00,3,336.61,40.520833333333336,113.39444444444445,112.20333333333333,2,0,2010-11-16
12949,2009-12-03 15:56:00,2010-11-04 12:06:00,13,10625.63,11.495833333333334,347.3361111111111,817.3561538461538,4,0,2010-11-16
13022,2010-10-06 10:50:00,2010-10-06 10:50:00,1,65.3,40.548611111111114,40.548611111111114,65.3,1,1,2010-11-16
13067,2010-09-19 13:43:00,2010-10-26 12:15:00,2,393.04999999999995,20.489583333333332,57.428472222222226,196.52499999999998,2,1,2010-11-16
13080,2010-04-09 13:07:00,2010-11-03 14:34:00,3,222.65,12.393055555555556,220.45347222222222,74.21666666666667,1,1,2010-11-16
13102,2010-05-06 13:12:00,2010-11-02 13:19:00,10,3542.67,13.44513888888889,193.45,354.267,4,0,2010-11-16
13140,2010-08-05 19:05:00,2010-10-15 15:13:00,2,632.4499999999999,31.365972222222222,102.20486111111111,316.22499999999997,1,0,2010-11-16
13145,2010-04-19 11:11:00,2010-10-15 14:08:00,3,510.0,31.41111111111111,210.53402777777777,170.0,1,0,2010-11-16
13195,2010-10-21 13:07:00,2010-10-21 13:07:00,1,136.73,25.45347222222222,25.45347222222222,136.73,1,1,2010-11-16
13214,2010-03-03 14:10:00,2010-10-18 10:00:00,7,3264.23,28.583333333333332,257.40972222222223,466.31857142857143,2,1,2010-11-16
13215,2010-11-02 18:26:00,2010-11-02 18:26:00,1,81.6,13.231944444444444,13.231944444444444,81.6,1,1,2010-11-16
13238,2010-04-28 15:02:00,2010-10-05 12:38:00,2,305.9,41.47361111111111,201.3736111111111,152.95,1,0,2010-11-16
13257,2010-09-29 14:58:00,2010-09-29 14:58:00,1,149.75,47.37638888888889,47.37638888888889,149.75,1,1,2010-11-16
13346,2010-04-22 12:34:00,2010-09-03 11:41:00,6,299.4,73.51319444444445,207.4763888888889,49.9,1,1,2010-11-16
13367,2010-10-04 10:00:00,2010-10-04 10:00:00,1,510.20000000000005,42.583333333333336,42.583333333333336,510.20000000000005,1,1,2010-11-16
13387,2010-10-18 14:07:00,2010-10-18 14:07:00,1,186.94,28.411805555555556,28.411805555555556,186.94,1,1,2010-11-16
13408,2009-12-04 09:31:00,2010-11-09 10:01:00,40,20402.802,6.582638888888889,346.6034722222222,510.07005,8,0,2010-11-16
13431,2010-02-18 11:53:00,2010-10-29 14:09:00,6,2047.1399999999999,17.410416666666666,270.5048611111111,341.19,3,1,2010-11-16
13451,2010-03-21 16:13:00,2010-09-19 16:18:00,5,3748.69,57.32083333333333,239.32430555555555,749.738,1,0,2010-11-16
13468,2009-12-03 13:32:00,2010-11-11 16:40:00,34,6779.82,4.305555555555555,347.43611111111113,199.4064705882353,12,0,2010-11-16
13480,2010-01-29 12:35:00,2010-10-19 11:53:00,2,627.8199999999999,27.50486111111111,290.47569444444446,313.90999999999997,1,1,2010-11-16
13500,2010-11-03 13:16:00,2010-11-03 13:16:00,1,299.53,12.447222222222223,12.447222222222223,299.53,1,1,2010-11-16
13520,2009-12-17 11:11:00,2010-11-02 16:52:00,5,2981.6499999999996,13.297222222222222,333.5340277777778,596.3299999999999,2,0,2010-11-16
13539,2010-04-28 12:04:00,2010-10-15 09:15:00,4,938.0200000000001,31.614583333333332,201.49722222222223,234.50500000000002,1,1,2010-11-16
13556,2010-09-30 09:01:00,2010-10-06 16:44:00,2,200.82,40.30277777777778,46.62430555555556,100.41,2,1,2010-11-16
13565,2010-10-24 15:51:00,2010-10-24 15:51:00,1,174.57999999999998,22.339583333333334,22.339583333333334,174.57999999999998,1,0,2010-11-16
13580,2010-10-29 15:01:00,2010-10-29 15:01:00,1,107.75,17.374305555555555,17.374305555555555,107.75,1,1,2010-11-16
13581,2010-10-21 16:30:00,2010-10-21 16:30:00,1,162.53,25.3125,25.3125,162.53,1,1,2010-11-16
13582,2010-04-01 11:38:00,2010-11-15 11:34:00,2,241.68,0.5180555555555556,228.51527777777778,120.84,1,1,2010-11-16
13590,2009-12-01 13:37:00,2010-11-11 09:41:00,11,3981.07,4.596527777777778,349.4326388888889,361.91545454545457,6,0,2010-11-16
13648,2009-12-01 18:13:00,2010-11-04 14:46:00,8,1764.02,11.384722222222223,349.24097222222224,220.5025,5,1,2010-11-16
13659,2010-02-17 09:05:00,2010-10-19 14:09:00,10,3321.68,27.410416666666666,271.62152777777777,332.168,1,0,2010-11-16
13674,2010-10-03 10:41:00,2010-10-03 10:41:00,1,240.68,43.55486111111111,43.55486111111111,240.68,1,1,2010-11-16
13686,2010-11-03 13:44:00,2010-11-03 13:44:00,1,225.44,12.427777777777777,12.427777777777777,225.44,1,0,2010-11-16
13693,2009-12-07 11:29:00,2010-11-12 12:51:00,8,1714.27,3.464583333333333,343.5215277777778,214.28375,2,0,2010-11-16
13701,2010-09-19 12:39:00,2010-09-19 12:39:00,1,161.0,57.47291666666667,57.47291666666667,161.0,1,1,2010-11-16
13717,2010-08-11 09:40:00,2010-09-08 16:17:00,2,318.28999999999996,68.32152777777777,96.59722222222223,159.14499999999998,1,1,2010-11-16
13758,2009-12-01 10:06:00,2010-11-14 13:42:00,7,4928.58,1.4291666666666667,349.57916666666665,704.0828571428572,2,0,2010-11-16
13862,2010-11-15 13:43:00,2010-11-15 13:43:00,1,346.73,0.4284722222222222,0.4284722222222222,346.73,1,0,2010-11-16
13888,2010-05-13 11:57:00,2010-10-31 11:09:00,5,1405.92,15.535416666666666,186.50208333333333,281.184,1,1,2010-11-16
13906,2010-10-26 15:00:00,2010-10-26 15:00:00,1,42.0,20.375,20.375,42.0,1,1,2010-11-16
13927,2010-09-28 16:12:00,2010-09-28 16:12:00,1,359.27,48.325,48.325,359.27,1,1,2010-11-16
13952,2009-12-16 09:41:00,2010-10-06 10:00:00,11,8691.65,40.583333333333336,334.5965277777778,790.15,3,0,2010-11-16
13963,2010-04-21 16:20:00,2010-11-07 15:01:00,12,1835.17,8.374305555555555,208.31944444444446,152.93083333333334,5,0,2010-11-16
13977,2010-10-24 14:08:00,2010-10-24 14:08:00,1,519.8100000000001,22.41111111111111,22.41111111111111,519.8100000000001,1,1,2010-11-16
13992,2010-09-02 17:04:00,2010-09-02 17:04:00,1,75.9,74.28888888888889,74.28888888888889,75.9,1,0,2010-11-16
14035,2010-04-06 12:39:00,2010-10-29 10:10:00,4,1366.73,17.57638888888889,223.47291666666666,341.6825,2,1,2010-11-16
14045,2010-01-08 10:08:00,2010-10-21 13:20:00,11,7939.68,25.444444444444443,311.5777777777778,721.789090909091,2,0,2010-11-16
14058,2010-06-27 11:29:00,2010-09-03 09:31:00,2,469.19000000000005,73.60347222222222,141.52152777777778,234.59500000000003,1,1,2010-11-16
14092,2009-12-16 16:24:00,2010-09-24 15:44:00,9,2698.84,52.34444444444444,334.31666666666666,299.87111111111113,2,0,2010-11-16
14148,2010-10-21 14:08:00,2010-10-21 14:08:00,1,309.09000000000003,25.41111111111111,25.41111111111111,309.09000000000003,1,1,2010-11-16
14152,2010-02-18 13:57:00,2010-09-21 09:50:00,3,1021.09,55.59027777777778,270.41875,340.36333333333334,1,0,2010-11-16
14154,2010-01-13 12:47:00,2010-10-12 16:38:00,4,3407.2,34.30694444444445,306.46736111111113,851.8,1,0,2010-11-16
14183,2010-08-15 15:36:00,2010-10-24 14:45:00,2,278.34000000000003,22.385416666666668,92.35,139.17000000000002,1,1,2010-11-16
14191,2009-12-11 10:48:00,2010-11-10 12:27:00,2,132.9,5.48125,339.55,66.45,1,1,2010-11-16
14193,2010-11-08 12:31:00,2010-11-08 12:31:00,1,356.8,7.478472222222222,7.478472222222222,356.8,1,1,2010-11-16
14201,2010-04-30 13:00:00,2010-10-26 18:51:00,3,446.1,20.214583333333334,199.45833333333334,148.70000000000002,1,0,2010-11-16
14211,2009-12-09 12:48:00,2010-10-24 12:54:00,9,2161.19,22.4625,341.46666666666664,240.13222222222223,2,1,2010-11-16
14258,2009-12-04 08:36:00,2010-11-09 10:08:00,16,19381.36,6.5777777777777775,346.64166666666665,1211.335,4,0,2010-11-16
14264,2010-04-07 13:21:00,2010-09-12 14:02:00,3,850.54,64.41527777777777,222.44375,283.5133333333333,1,0,2010-11-16
14277,2009-12-13 15:43:00,2010-10-24 12:44:00,6,13009.609999999999,22.469444444444445,337.34513888888887,2168.268333333333,2,1,2010-11-16
14282,2010-02-15 11:22:00,2010-10-05 08:29:00,7,2800.9,41.64652777777778,273.5263888888889,400.12857142857143,2,0,2010-11-16
14299,2009-12-02 10:58:00,2010-10-11 14:38:00,17,8693.27,35.390277777777776,348.54305555555555,511.36882352941177,4,0,2010-11-16
14319,2010-10-11 13:38:00,2010-10-11 13:38:00,1,494.85,35.43194444444445,35.43194444444445,494.85,1,1,2010-11-16
14328,2010-09-27 16:01:00,2010-09-27 16:01:00,1,445.05,49.33263888888889,49.33263888888889,445.05,1,1,2010-11-16
14353,2010-10-04 12:38:00,2010-10-25 14:46:00,2,285.9,21.384722222222223,42.47361111111111,142.95,2,1,2010-11-16
14363,2010-09-14 14:39:00,2010-11-02 17:01:00,2,227.47,13.290972222222223,62.389583333333334,113.735,2,1,2010-11-16
14381,2010-09-14 16:15:00,2010-09-14 16:15:00,1,423.26,62.322916666666664,62.322916666666664,423.26,1,1,2010-11-16
14454,2009-12-06 12:56:00,2010-09-26 13:40:00,4,803.6,50.43055555555556,344.4611111111111,200.9,1,0,2010-11-16
14455,2010-08-01 13:26:00,2010-10-03 15:48:00,4,617.72,43.34166666666667,106.44027777777778,154.43,2,1,2010-11-16
14479,2009-12-06 13:48:00,2010-10-17 11:58:00,2,808.46,29.50138888888889,344.425,404.23,1,0,2010-11-16
14494,2009-12-08 13:25:00,2010-11-03 13:13:00,2,261.9,12.449305555555556,342.44097222222223,130.95,1,1,2010-11-16
14551,2010-01-27 12:06:00,2010-10-24 14:45:00,5,691.86,22.385416666666668,292.49583333333334,138.372,3,1,2010-11-16
14584,2010-02-17 14:01:00,2010-10-14 13:48:00,4,705.1,32.425,271.4159722222222,176.275,1,1,2010-11-16
14595,2010-01-20 13:59:00,2010-09-12 12:47:00,2,423.85,64.46736111111112,299.4173611111111,211.925,1,0,2010-11-16
14606,2009-12-03 12:40:00,2010-11-15 12:52:00,95,16682.34,0.4638888888888889,347.47222222222223,175.60357894736842,24,0,2010-11-16
14646,2009-12-02 16:52:00,2010-11-03 13:13:00,66,227951.14,12.449305555555556,348.2972222222222,3453.805151515152,23,0,2010-11-16
14665,2010-04-26 11:17:00,2010-10-08 14:40:00,2,913.95,38.388888888888886,203.5298611111111,456.975,1,1,2010-11-16
14682,2010-02-05 14:47:00,2010-10-07 09:53:00,4,1462.81,39.58819444444445,283.38402777777776,365.7025,1,1,2010-11-16
14686,2010-02-18 18:29:00,2010-10-21 18:31:00,5,852.5300000000001,25.228472222222223,270.2298611111111,170.50600000000003,3,1,2010-11-16
14687,2010-06-06 10:36:00,2010-11-04 18:56:00,2,773.6800000000001,11.21111111111111,162.55833333333334,386.84000000000003,1,1,2010-11-16
14709,2009-12-05 15:26:00,2010-10-01 15:52:00,11,3554.14,45.33888888888889,345.3569444444444,323.1036363636363,3,0,2010-11-16
14732,2009-12-09 10:48:00,2010-11-12 16:42:00,11,2814.58,3.3041666666666667,341.55,255.8709090909091,2,0,2010-11-16
14746,2010-10-12 11:06:00,2010-10-29 14:44:00,4,593.5,17.386111111111113,34.5375,148.375,4,1,2010-11-16
14834,2010-10-28 17:37:00,2010-10-28 17:37:00,1,485.86,18.26597222222222,18.26597222222222,485.86,1,1,2010-11-16
14906,2010-09-20 16:30:00,2010-09-20 16:30:00,1,68.44,56.3125,56.3125,68.44,1,1,2010-11-16
14916,2010-04-01 10:57:00,2010-10-04 14:33:00,4,1773.9700000000003,42.39375,228.54375,443.49250000000006,1,0,2010-11-16
14934,2010-09-24 12:08:00,2010-09-24 12:11:00,2,980.3299999999999,52.49236111111111,52.49444444444445,490.16499999999996,2,0,2010-11-16
14953,2010-09-30 12:16:00,2010-10-17 12:52:00,3,685.65,29.46388888888889,46.48888888888889,228.54999999999998,3,1,2010-11-16
14991,2010-10-05 13:01:00,2010-10-05 13:01:00,1,314.67,41.45763888888889,41.45763888888889,314.67,1,1,2010-11-16
15044,2009-12-16 15:13:00,2010-11-09 12:36:00,17,7688.5,6.475,334.36597222222224,452.2647058823529,7,0,2010-11-16
15062,2010-04-08 15:41:00,2010-10-12 10:38:00,4,1597.7600000000002,34.55694444444445,221.34652777777777,399.44000000000005,1,0,2010-11-16
15065,2010-10-25 09:13:00,2010-10-25 09:13:00,1,168.73,21.615972222222222,21.615972222222222,168.73,1,1,2010-11-16
15081,2010-06-22 10:25:00,2010-10-20 11:06:00,6,1267.52,26.5375,146.56597222222223,211.25333333333333,3,0,2010-11-16
15117,2010-03-15 13:39:00,2010-09-17 14:45:00,3,934.19,59.385416666666664,245.43125,311.3966666666667,1,1,2010-11-16
15138,2010-11-11 09:16:00,2010-11-11 09:16:00,1,502.52,4.613888888888889,4.613888888888889,502.52,1,1,2010-11-16
15181,2009-12-08 19:02:00,2010-10-15 11:47:00,2,510.72,31.509027777777778,342.20694444444445,255.36,1,1,2010-11-16
15227,2010-03-16 08:23:00,2010-11-08 13:31:00,4,1269.0900000000001,7.436805555555556,244.65069444444444,317.27250000000004,2,0,2010-11-16
15245,2010-04-23 14:23:00,2010-11-02 12:58:00,5,2095.0,13.459722222222222,206.40069444444444,419.0,2,1,2010-11-16
15269,2010-11-14 12:58:00,2010-11-14 12:58:00,1,481.3,1.4597222222222221,1.4597222222222221,481.3,1,0,2010-11-16
15328,2010-10-28 09:05:00,2010-10-28 09:05:00,1,107.24,18.62152777777778,18.62152777777778,107.24,1,1,2010-11-16
15336,2010-11-03 12:39:00,2010-11-03 12:39:00,1,240.5,12.472916666666666,12.472916666666666,240.5,1,1,2010-11-16
15337,2010-10-24 15:29:00,2010-10-24 15:29:00,1,373.02,22.354861111111113,22.354861111111113,373.02,1,1,2010-11-16
15362,2009-12-01 09:08:00,2010-09-17 10:37:00,2,613.0799999999999,59.55763888888889,349.61944444444447,306.53999999999996,1,1,2010-11-16
15367,2009-12-10 14:20:00,2010-10-17 15:05:00,7,3203.74,29.37152777777778,340.40277777777777,457.6771428571428,2,1,2010-11-16
15368,2010-11-10 15:52:00,2010-11-10 15:52:00,1,275.8,5.338888888888889,5.338888888888889,275.8,1,1,2010-11-16
15401,2010-05-20 10:56:00,2010-09-13 13:42:00,2,216.95000000000002,63.42916666666667,179.54444444444445,108.47500000000001,1,1,2010-11-16
15476,2010-09-23 14:00:00,2010-11-12 11:34:00,3,2197.3799999999997,3.5180555555555557,53.416666666666664,732.4599999999999,3,0,2010-11-16
15498,2009-12-16 17:27:00,2010-11-12 14:50:00,14,10527.65,3.3819444444444446,334.2729166666667,751.975,6,0,2010-11-16
15501,2010-10-20 12:47:00,2010-10-31 11:15:00,2,399.95,15.53125,26.46736111111111,199.975,2,1,2010-11-16
15514,2009-12-04 16:37:00,2010-09-17 13:08:00,6,1988.3899999999999,59.452777777777776,346.3076388888889,331.3983333333333,1,0,2010-11-16
15536,2010-10-26 16:31:00,2010-10-26 16:31:00,1,259.09,20.311805555555555,20.311805555555555,259.09,1,1,2010-11-16
15547,2009-12-06 13:40:00,2010-11-14 12:31:00,11,4811.82,1.4784722222222222,344.43055555555554,437.4381818181818,3,0,2010-11-16
15562,2009-12-13 15:17:00,2010-10-11 10:33:00,2,536.88,35.56041666666667,337.36319444444445,268.44,1,0,2010-11-16
15616,2010-09-27 13:10:00,2010-09-27 13:10:00,1,317.11,49.451388888888886,49.451388888888886,317.11,1,1,2010-11-16
15636,2010-05-19 11:37:00,2010-09-28 15:10:00,2,719.8199999999999,48.36805555555556,180.51597222222222,359.90999999999997,1,1,2010-11-16
15685,2010-09-15 13:43:00,2010-09-15 13:43:00,1,55.980000000000004,61.428472222222226,61.428472222222226,55.980000000000004,1,1,2010-11-16
15696,2010-01-24 14:36:00,2010-10-12 10:24:00,5,1170.1100000000001,34.56666666666667,295.39166666666665,234.02200000000002,1,0,2010-11-16
15726,2010-11-14 16:12:00,2010-11-14 16:12:00,1,321.91,1.325,1.325,321.91,1,1,2010-11-16
15734,2010-06-10 14:25:00,2010-09-29 11:40:00,2,923.8500000000001,47.513888888888886,158.39930555555554,461.92500000000007,1,1,2010-11-16
15750,2009-12-01 17:19:00,2010-11-11 15:29:00,8,3172.77,4.354861111111111,349.2784722222222,396.59625,3,0,2010-11-16
15766,2010-01-26 15:55:00,2010-09-09 13:51:00,2,516.0,67.42291666666667,293.33680555555554,258.0,1,1,2010-11-16
15779,2010-06-25 15:55:00,2010-09-02 16:40:00,2,124.08,74.30555555555556,143.33680555555554,62.04,1,1,2010-11-16
15785,2009-12-15 16:28:00,2010-10-10 15:08:00,9,3147.09,36.36944444444445,335.31388888888887,349.6766666666667,2,0,2010-11-16
15805,2009-12-10 12:57:00,2010-10-22 11:09:00,12,4109.25,24.535416666666666,340.4604166666667,342.4375,5,0,2010-11-16
15807,2010-02-11 15:32:00,2010-10-27 13:04:00,2,913.62,19.455555555555556,277.35277777777776,456.81,1,1,2010-11-16
15871,2010-09-28 14:16:00,2010-09-28 14:16:00,1,33.099999999999994,48.40555555555556,48.40555555555556,33.099999999999994,1,1,2010-11-16
15910,2010-01-21 11:51:00,2010-11-04 12:18:00,7,1432.29,11.4875,298.50625,204.61285714285714,2,0,2010-11-16
15934,2010-10-06 12:08:00,2010-10-18 10:13:00,2,2190.66,28.574305555555554,40.49444444444445,1095.33,2,1,2010-11-16
15945,2009-12-01 13:47:00,2010-09-24 11:12:00,3,465.27000000000004,52.53333333333333,349.42569444444445,155.09,1,0,2010-11-16
15962,2010-09-16 13:48:00,2010-09-16 13:48:00,1,289.48,60.425,60.425,289.48,1,1,2010-11-16
15978,2010-03-05 14:39:00,2010-10-03 14:08:00,2,2180.64,43.41111111111111,255.38958333333332,1090.32,1,1,2010-11-16
15981,2010-03-29 10:07:00,2010-11-03 09:51:00,13,5954.29,12.589583333333334,231.57847222222222,458.02230769230766,4,1,2010-11-16
16014,2010-01-31 12:43:00,2010-10-27 16:04:00,2,453.45,19.330555555555556,288.47013888888887,226.725,1,1,2010-11-16
16016,2010-11-02 13:27:00,2010-11-02 13:27:00,1,275.66,13.439583333333333,13.439583333333333,275.66,1,0,2010-11-16
16018,2009-12-07 13:57:00,2010-11-08 15:36:00,2,289.23,7.35,343.41875,144.615,1,1,2010-11-16
16024,2010-10-24 11:40:00,2010-10-24 11:42:00,2,232.96,22.5125,22.51388888888889,116.48,2,1,2010-11-16
16053,2010-04-08 11:11:00,2010-10-22 11:42:00,4,2122.8900000000003,24.5125,221.53402777777777,530.7225000000001,3,1,2010-11-16
16061,2010-10-04 15:29:00,2010-10-04 15:29:00,1,89.65,42.35486111111111,42.35486111111111,89.65,1,1,2010-11-16
16062,2010-06-21 13:32:00,2010-10-05 11:33:00,3,1415.73,41.51875,147.4361111111111,471.91,2,0,2010-11-16
16099,2010-03-03 11:13:00,2010-10-18 14:48:00,4,841.3,28.383333333333333,257.53263888888887,210.325,1,1,2010-11-16
16104,2009-12-06 10:41:00,2010-10-17 10:34:00,8,2476.25,29.559722222222224,344.5548611111111,309.53125,1,1,2010-11-16
16117,2010-04-27 11:50:00,2010-11-02 12:02:00,2,422.19,13.498611111111112,202.50694444444446,211.095,1,1,2010-11-16
16131,2009-12-02 10:09:00,2010-10-10 10:47:00,3,5335.8,36.550694444444446,348.57708333333335,1778.6000000000001,1,0,2010-11-16
16140,2010-09-24 12:03:00,2010-09-24 12:03:00,1,708.28,52.49791666666667,52.49791666666667,708.28,1,0,2010-11-16
16145,2010-05-04 13:31:00,2010-10-27 10:32:00,7,2696.27,19.56111111111111,195.43680555555557,385.18142857142857,4,0,2010-11-16
16186,2009-12-09 15:36:00,2010-11-12 13:55:00,13,4693.79,3.420138888888889,341.35,361.0607692307692,4,0,2010-11-16
16190,2009-12-14 11:59:00,2010-11-10 09:43:00,7,2508.4700000000003,5.595138888888889,336.50069444444443,358.3528571428572,2,1,2010-11-16
16198,2010-09-28 13:59:00,2010-09-28 13:59:00,1,629.36,48.41736111111111,48.41736111111111,629.36,1,1,2010-11-16
16208,2010-02-24 14:24:00,2010-11-10 13:09:00,8,2776.19,5.452083333333333,264.4,347.02375,4,1,2010-11-16
16239,2010-09-02 19:17:00,2010-10-08 13:15:00,3,580.2,38.447916666666664,74.19652777777777,193.4,3,0,2010-11-16
16259,2010-04-13 16:57:00,2010-10-25 14:27:00,3,340.94,21.397916666666667,216.29375,113.64666666666666,1,1,2010-11-16
16283,2010-02-28 14:12:00,2010-10-17 16:17:00,3,2779.51,29.321527777777778,260.40833333333336,926.5033333333334,1,1,2010-11-16
16341,2010-04-09 10:30:00,2010-09-28 17:55:00,3,1878.92,48.25347222222222,220.5625,626.3066666666667,2,1,2010-11-16
16350,2010-10-07 16:33:00,2010-11-15 14:07:00,4,813.36,0.41180555555555554,39.31041666666667,203.34,4,0,2010-11-16
16353,2009-12-07 13:55:00,2010-11-03 12:11:00,14,2555.25,12.49236111111111,343.4201388888889,182.51785714285714,3,0,2010-11-16
16382,2010-06-07 12:42:00,2010-10-27 16:23:00,2,353.1,19.31736111111111,161.47083333333333,176.55,1,1,2010-11-16
16393,2009-12-01 12:13:00,2010-11-09 12:04:00,8,1803.46,6.497222222222222,349.49097222222224,225.4325,2,0,2010-11-16
16416,2010-02-23 12:00:00,2010-11-14 13:24:00,6,1906.48,1.4416666666666667,265.5,317.74666666666667,3,1,2010-11-16
16433,2010-10-27 12:26:00,2010-10-27 12:26:00,1,200.26,19.481944444444444,19.481944444444444,200.26,1,1,2010-11-16
16445,2010-10-24 12:39:00,2010-10-24 12:39:00,1,161.7,22.472916666666666,22.472916666666666,161.7,1,0,2010-11-16
16471,2010-02-25 10:07:00,2010-11-11 15:47:00,3,966.03,4.342361111111111,263.5784722222222,322.01,1,1,2010-11-16
16497,2009-12-03 14:11:00,2010-10-22 11:00:00,17,3729.59,24.541666666666668,347.4090277777778,219.38764705882355,4,0,2010-11-16
16499,2010-06-11 12:22:00,2010-10-08 09:58:00,5,1982.19,38.584722222222226,157.48472222222222,396.438,2,0,2010-11-16
16511,2010-03-01 12:21:00,2010-11-07 15:30:00,3,842.16,8.354166666666666,259.48541666666665,280.71999999999997,2,1,2010-11-16
16523,2010-01-24 13:14:00,2010-10-20 12:42:00,7,2497.86,26.470833333333335,295.4486111111111,356.83714285714285,4,0,2010-11-16
16531,2010-09-24 09:49:00,2010-11-12 10:36:00,3,899.3000000000001,3.558333333333333,52.59097222222222,299.7666666666667,3,0,2010-11-16
16560,2009-12-08 12:05:00,2010-11-07 12:04:00,6,2206.9700000000003,8.497222222222222,342.49652777777777,367.8283333333334,1,0,2010-11-16
16574,2010-02-19 11:46:00,2010-10-12 09:25:00,2,850.3399999999999,34.607638888888886,269.5097222222222,425.16999999999996,1,1,2010-11-16
16584,2010-02-16 10:41:00,2010-10-03 14:32:00,3,2220.09,43.394444444444446,272.5548611111111,740.0300000000001,1,1,2010-11-16
16607,2010-04-29 14:01:00,2010-11-05 12:57:00,11,2359.16,10.460416666666667,200.41597222222222,214.4690909090909,7,0,2010-11-16
16608,2010-02-14 11:57:00,2010-09-12 11:44:00,2,1286.62,64.5111111111111,274.50208333333336,643.31,1,1,2010-11-16
16628,2010-03-08 12:24:00,2010-10-28 08:38:00,2,130.05,18.64027777777778,252.48333333333332,65.025,1,1,2010-11-16
16642,2010-10-20 14:22:00,2010-10-20 14:22:00,1,389.12,26.40138888888889,26.40138888888889,389.12,1,1,2010-11-16
16643,2010-10-13 09:47:00,2010-10-13 09:47:00,1,435.6,33.59236111111111,33.59236111111111,435.6,1,1,2010-11-16
16692,2010-09-24 11:31:00,2010-10-27 10:29:00,2,638.6999999999999,19.563194444444445,52.52013888888889,319.34999999999997,2,1,2010-11-16
16693,2010-02-21 12:42:00,2010-10-24 11:35:00,3,701.62,22.51736111111111,267.47083333333336,233.87333333333333,1,1,2010-11-16
16746,2009-12-04 13:00:00,2010-11-07 10:43:00,23,10872.24,8.553472222222222,346.4583333333333,472.70608695652174,6,0,2010-11-16
16760,2010-10-05 15:55:00,2010-10-05 15:55:00,1,228.0,41.33680555555556,41.33680555555556,228.0,1,1,2010-11-16
16772,2009-12-18 10:50:00,2010-10-12 13:19:00,3,3698.05,34.44513888888889,332.5486111111111,1232.6833333333334,1,1,2010-11-16
16774,2010-02-16 16:53:00,2010-10-12 14:42:00,4,905.96,34.3875,272.2965277777778,226.49,1,1,2010-11-16
16775,2010-09-23 17:34:00,2010-11-03 16:05:00,4,913.68,12.32986111111111,53.268055555555556,228.42,4,0,2010-11-16
16823,2009-12-02 09:57:00,2010-11-03 12:45:00,5,1584.8899999999999,12.46875,348.5854166666667,316.97799999999995,3,0,2010-11-16
16863,2010-10-26 10:03:00,2010-10-26 10:03:00,1,331.47,20.58125,20.58125,331.47,1,0,2010-11-16
16875,2010-01-05 09:16:00,2010-09-28 17:11:00,6,2139.0,48.28402777777778,314.6138888888889,356.5,2,0,2010-11-16
16904,2010-10-24 16:03:00,2010-11-07 12:03:00,2,398.4,8.497916666666667,22.33125,199.2,2,0,2010-11-16
16921,2010-04-18 15:34:00,2010-09-23 14:08:00,2,255.03,53.41111111111111,211.3513888888889,127.515,1,1,2010-11-16
16926,2010-07-01 12:57:00,2010-09-09 14:25:00,4,939.36,67.39930555555556,137.46041666666667,234.84,1,0,2010-11-16
16952,2009-12-11 13:52:00,2010-09-24 15:35:00,3,628.22,52.35069444444444,339.4222222222222,209.40666666666667,2,1,2010-11-16
16975,2010-07-22 11:38:00,2010-10-12 17:53:00,3,926.12,34.25486111111111,116.51527777777778,308.70666666666665,2,1,2010-11-16
16983,2010-09-19 12:38:00,2010-11-14 12:59:00,3,1176.97,1.4590277777777778,57.47361111111111,392.3233333333333,3,0,2010-11-16
16986,2010-02-04 14:46:00,2010-09-20 15:00:00,9,3015.55,56.375,284.3847222222222,335.06111111111113,1,1,2010-11-16
17029,2010-02-14 10:19:00,2010-09-29 11:59:00,4,1256.3,47.50069444444444,274.5701388888889,314.075,1,0,2010-11-16
17031,2010-05-07 14:52:00,2010-09-07 15:30:00,3,2140.0,69.35416666666667,192.38055555555556,713.3333333333334,1,0,2010-11-16
17034,2010-07-14 12:55:00,2010-10-26 14:00:00,2,530.9,20.416666666666668,124.46180555555556,265.45,1,1,2010-11-16
17070,2010-10-25 15:57:00,2010-10-25 15:57:00,1,133.18,21.335416666666667,21.335416666666667,133.18,1,1,2010-11-16
17075,2009-12-14 11:24:00,2010-10-06 13:24:00,6,1402.51,40.44166666666667,336.525,233.75166666666667,2,0,2010-11-16
17101,2010-06-07 15:12:00,2010-11-10 10:15:00,3,885.3199999999999,5.572916666666667,161.36666666666667,295.1066666666666,2,1,2010-11-16
17109,2010-07-30 12:42:00,2010-10-29 15:56:00,2,410.41999999999996,17.336111111111112,108.47083333333333,205.20999999999998,1,1,2010-11-16
17218,2010-01-25 16:12:00,2010-11-10 15:41:00,7,1605.62,5.346527777777778,294.325,229.3742857142857,3,0,2010-11-16
17220,2010-01-20 11:57:00,2010-10-18 11:25:00,7,1269.76,28.524305555555557,299.50208333333336,181.3942857142857,3,0,2010-11-16
17228,2010-03-12 11:54:00,2010-09-10 11:40:00,5,913.9399999999999,66.51388888888889,248.50416666666666,182.78799999999998,1,0,2010-11-16
17233,2009-12-15 12:03:00,2010-09-17 13:20:00,2,369.98,59.44444444444444,335.49791666666664,184.99,1,1,2010-11-16
17249,2010-10-07 11:33:00,2010-10-07 11:33:00,1,68.03,39.51875,39.51875,68.03,1,1,2010-11-16
17258,2010-02-12 15:51:00,2010-11-08 12:37:00,2,417.30000000000007,7.4743055555555555,276.33958333333334,208.65000000000003,1,1,2010-11-16
17264,2010-10-11 12:52:00,2010-10-11 12:52:00,1,268.28,35.46388888888889,35.46388888888889,268.28,1,1,2010-11-16
17286,2010-11-04 13:43:00,2010-11-04 13:52:00,2,237.81,11.422222222222222,11.428472222222222,118.905,2,1,2010-11-16
17289,2010-03-08 12:52:00,2010-09-17 13:47:00,5,894.6400000000001,59.425694444444446,252.4638888888889,178.92800000000003,1,0,2010-11-16
17299,2010-08-15 16:00:00,2010-09-26 13:40:00,2,336.62,50.43055555555556,92.33333333333333,168.31,1,1,2010-11-16
17300,2010-08-15 11:02:00,2010-11-14 10:56:00,2,393.64,1.5444444444444445,92.54027777777777,196.82,1,1,2010-11-16
17392,2010-09-15 16:17:00,2010-09-15 16:17:00,1,168.65,61.321527777777774,61.321527777777774,168.65,1,0,2010-11-16
17412,2009-12-02 13:51:00,2010-10-03 12:00:00,8,2749.46,43.5,348.42291666666665,343.6825,1,0,2010-11-16
17420,2010-11-03 13:09:00,2010-11-14 13:28:00,3,354.75,1.4388888888888889,12.452083333333333,118.25,3,0,2010-11-16
17423,2010-11-11 12:26:00,2010-11-11 12:26:00,1,420.54,4.481944444444444,4.481944444444444,420.54,1,1,2010-11-16
17456,2010-09-09 15:28:00,2010-09-09 15:28:00,1,725.7,67.35555555555555,67.35555555555555,725.7,1,0,2010-11-16
17526,2009-12-17 16:18:00,2010-10-12 16:05:00,7,2237.5,34.329861111111114,333.3208333333333,319.64285714285717,2,0,2010-11-16
17545,2010-05-11 10:04:00,2010-11-14 15:30:00,3,767.54,1.3541666666666667,188.58055555555555,255.84666666666666,2,1,2010-11-16
17646,2009-12-16 09:37:00,2010-10-18 12:54:00,9,2890.4,28.4625,334.59930555555553,321.15555555555557,2,0,2010-11-16
17691,2010-06-11 11:50:00,2010-11-05 13:18:00,2,347.15,10.445833333333333,157.50694444444446,173.575,1,0,2010-11-16
17702,2010-11-04 12:09:00,2010-11-04 12:09:00,1,829.18,11.49375,11.49375,829.18,1,0,2010-11-16
17738,2010-03-19 10:07:00,2010-11-09 14:24:00,9,2304.51,6.4,241.57847222222222,256.0566666666667,2,1,2010-11-16
17769,2010-01-19 11:33:00,2010-10-17 12:03:00,6,2316.33,29.497916666666665,300.51875,386.055,2,0,2010-11-16
17772,2010-11-12 11:31:00,2010-11-12 11:31:00,1,187.3,3.520138888888889,3.520138888888889,187.3,1,1,2010-11-16
17799,2009-12-13 16:03:00,2010-11-15 13:58:00,10,3207.7599999999998,0.41805555555555557,337.33125,320.77599999999995,2,0,2010-11-16
17801,2010-01-17 11:31:00,2010-09-14 14:32:00,3,770.03,62.394444444444446,302.5201388888889,256.6766666666667,1,1,2010-11-16
17819,2009-12-13 15:24:00,2010-09-22 11:01:00,5,2316.18,54.54097222222222,337.35833333333335,463.236,1,0,2010-11-16
17905,2010-01-28 17:54:00,2010-09-15 12:11:00,9,1379.8799999999999,61.49236111111111,291.25416666666666,153.32,1,0,2010-11-16
17921,2010-07-15 20:05:00,2010-09-12 16:08:00,4,1056.88,64.32777777777778,123.16319444444444,264.22,1,0,2010-11-16
17935,2009-12-04 14:33:00,2010-11-04 12:06:00,5,540.35,11.495833333333334,346.39375,108.07000000000001,3,1,2010-11-16
17951,2010-10-31 15:15:00,2010-10-31 15:15:00,1,332.04,15.364583333333334,15.364583333333334,332.04,1,0,2010-11-16
17984,2009-12-01 11:51:00,2010-11-12 14:13:00,4,999.51,3.407638888888889,349.50625,249.8775,2,1,2010-11-16
17992,2010-11-15 13:04:00,2010-11-15 13:04:00,1,252.88,0.45555555555555555,0.45555555555555555,252.88,1,1,2010-11-16
18008,2010-01-06 12:35:00,2010-10-20 14:28:00,14,17642.89,26.397222222222222,313.47569444444446,1260.2064285714284,4,0,2010-11-16
18018,2010-10-15 11:05:00,2010-11-05 15:52:00,2,175.85000000000002,10.338888888888889,31.538194444444443,87.92500000000001,2,1,2010-11-16
18036,2009-12-18 12:04:00,2010-09-03 14:41:00,6,831.91,73.38819444444445,332.4972222222222,138.65166666666667,1,0,2010-11-16
18057,2010-01-18 12:42:00,2010-11-11 16:55:00,3,1188.46,4.295138888888889,301.47083333333336,396.15333333333336,1,1,2010-11-16
18075,2010-07-29 11:47:00,2010-11-12 15:07:00,9,2870.2400000000002,3.370138888888889,109.50902777777777,318.91555555555556,8,0,2010-11-16
18092,2009-12-04 12:37:00,2010-09-21 18:16:00,7,5625.46,55.23888888888889,346.47430555555553,803.6371428571429,1,0,2010-11-16
18141,2010-04-29 15:32:00,2010-11-03 11:44:00,2,882.47,12.511111111111111,200.3527777777778,441.235,1,1,2010-11-16
18219,2009-12-07 13:17:00,2010-11-15 15:44:00,7,1282.93,0.34444444444444444,343.44652777777776,183.2757142857143,2,0,2010-11-16
18242,2010-01-11 08:49:00,2010-09-20 13:57:00,4,1372.72,56.41875,308.6326388888889,343.18,1,1,2010-11-16
18244,2010-07-25 10:30:00,2010-10-05 11:15:00,2,568.64,41.53125,113.5625,284.32,1,1,2010-11-16
18260,2009-12-15 13:50:00,2010-11-08 09:56:00,14,5942.7,7.586111111111111,335.4236111111111,424.4785714285714,8,0,2010-11-16
18270,2010-10-03 10:49:00,2010-10-03 10:49:00,1,161.4,43.549305555555556,43.549305555555556,161.4,1,1,2010-11-16
