customer,risk,future_revenue,priority
13725,0.594186523805998,585.7159879791976,348.0245468349552
17284,0.4886593269069683,670.6411984394923,327.7150766255249
15781,0.8826156273343732,340.5622803329826,300.5855907025201
18198,0.6365708741586993,470.8586259944688,299.7348871544631
16676,0.6257061646625671,471.36550911702136,294.9363048638298
13118,0.5898184966592488,493.81988893272285,291.2641045107358
17162,0.8151160356650688,340.5622803329826,277.5977758420766
14587,0.6777753233918209,396.30014012546064,268.60245563375804
14779,0.6885960242121244,383.46245272579085,264.05072038160927
16128,0.48459480966985785,528.2168950926672,255.97116574183434
12413,0.714304182792926,344.7722485041085,246.27225921740683
16997,0.6584265002374102,373.72605266016063,246.07113690057164
17655,0.5456383807079462,428.7195073113548,233.92581774727614
17167,0.6558815318716745,339.993535764814,222.99548106389315
16229,0.5493167224316428,401.4051858552918,220.4985810610933
12849,0.5409072481898897,396.66367371577013,214.5582562064895
16726,0.5614011959817489,370.54636267530094,208.0251711726008
14932,0.6349192232013343,327.4864038874745,207.92741316523376
17714,0.5285229414994974,393.03628915695845,207.7286956612827
16496,0.5580988535227666,364.11150114456666,203.21021134323615
12963,0.5201048496346996,373.3596238085361,194.18615100060669
14533,0.5054764623662608,368.06083733516,186.04608999174042
12423,0.5412177808013906,340.42529309355115,184.24422165675472
17633,0.5033542734169225,353.210891092702,177.79021144891078
15384,0.4927853749529324,353.12718753228376,174.01591351417093
15587,0.5008942371801368,336.2720542021982,168.4367340746077
