customer,risk,future_revenue,priority,segment
12766,0.32472604718313897,1363.382429888092,442.7257872565032,High value / Low risk
15379,0.32084459687395894,1335.661032580957,428.5396255586929,High value / Low risk
12578,0.43630742692545127,942.7268732104711,411.3187363439368,High value / Low risk
17404,0.11087810195285483,3690.961136015447,409.24676514314564,High value / Low risk
14016,0.31947400673726023,1118.500333270098,357.3317830067591,High value / Low risk
13725,0.594186523805998,585.7159879791976,348.0245468349552,High value / High risk
12476,0.16973024614347854,1974.7154162857737,335.16893366950603,High value / Low risk
17284,0.4886593269069683,670.6411984394923,327.7150766255249,High value / High risk
17204,0.3532791950059306,914.7368845017126,323.1575101989979,High value / Low risk
13615,0.32773299174611736,979.2430523472323,320.93025519235823,High value / Low risk
12678,0.12534234399284586,2418.3044466571014,303.1159478323232,High value / Low risk
15781,0.8826156273343732,340.5622803329826,300.5855907025201,High value / High risk
13027,0.15456096371841344,1942.6340781341762,300.2553952686499,High value / Low risk
18198,0.6365708741586993,470.8586259944688,299.7348871544631,High value / High risk
13815,0.42719889005288736,694.1749050679335,296.5507489475897,High value / Low risk
16676,0.6257061646625671,471.36550911702136,294.9363048638298,High value / High risk
13118,0.5898184966592488,493.81988893272285,291.2641045107358,High value / High risk
15392,0.4578118213407231,633.273251586706,289.91998071527183,High value / Low risk
13198,0.3406634221033837,844.5326121538969,287.7013697342562,High value / Low risk
17162,0.8151160356650688,340.5622803329826,277.5977758420766,High value / High risk
14842,0.8281331633209217,326.3945665902512,270.29816492114594,Low value / High risk
15589,0.8502959974246037,317.5887493145867,270.04444236927895,Low value / High risk
14778,0.8245284854620047,326.3945665902512,269.1216176536873,Low value / High risk
14587,0.6777753233918209,396.30014012546064,268.60245563375804,High value / High risk
17672,0.4045153909635716,658.6388094909014,266.4295355249933,High value / Low risk
14779,0.6885960242121244,383.46245272579085,264.05072038160927,High value / High risk
14502,0.8577124862289709,305.2390196624895,261.8073184488076,Low value / High risk
17619,0.8435597801093803,309.24711254671445,260.8684262593672,Low value / High risk
13494,0.8261277905612495,313.36223758772576,258.87725298367724,Low value / High risk
12472,0.14788756186864616,1732.809359382115,256.2609513421916,High value / Low risk
16128,0.48459480966985785,528.2168950926672,255.97116574183434,High value / High risk
12502,0.7928080477066841,321.9312420362187,255.22967949452254,Low value / High risk
17786,0.8719352828117454,290.19743827621306,253.03338541461386,Low value / High risk
16126,0.1965670317554362,1277.611272734865,251.13625561877745,High value / Low risk
12574,0.8421530167167546,297.5276196105139,250.5637824115493,Low value / High risk
12413,0.714304182792926,344.7722485041085,246.27225921740683,High value / High risk
16997,0.6584265002374102,373.72605266016063,246.07113690057164,High value / High risk
13324,0.2355411420807643,1035.5648505466265,243.91812759644841,High value / Low risk
17337,0.7657458736445787,317.5887493145867,243.1922743035873,Low value / High risk
14146,0.24800248471837222,975.0091519576413,241.804692308648,High value / Low risk
14782,0.8454344562142859,283.2208380286356,239.4446551872939,Low value / High risk
17655,0.5456383807079462,428.7195073113548,233.92581774727614,High value / High risk
13396,0.8148427355193952,283.2208380286356,230.78044241534903,Low value / High risk
14329,0.2292721404318775,999.5571746612676,229.17061291862885,High value / Low risk
16539,0.3123597454635204,722.7065039031684,225.7444196040244,High value / Low risk
12668,0.1730734534290354,1291.4011405860515,223.5072551634232,High value / Low risk
17167,0.6558815318716745,339.993535764814,222.99548106389315,High value / High risk
16858,0.32972974221390905,674.8400443281336,222.51483385193845,High value / Low risk
14970,0.348767580109548,636.626888039262,222.03481917412554,High value / Low risk
15638,0.46669868902054923,473.78939025407817,221.11688730342365,High value / Low risk
16229,0.5493167224316428,401.4051858552918,220.4985810610933,High value / High risk
12849,0.5409072481898897,396.66367371577013,214.5582562064895,High value / High risk
15641,0.35474999270915036,604.2992004871546,214.3751369669635,High value / Low risk
16618,0.7809035661800792,273.36479643071044,213.47154440083315,Low value / High risk
17732,0.33030476315793766,644.5071908301733,212.88379502074812,High value / Low risk
14189,0.3253863504042478,648.4365067704746,210.99238840692405,High value / Low risk
18178,0.23598942697150924,893.7757393592608,210.92162457242895,High value / Low risk
16726,0.5614011959817489,370.54636267530094,208.0251711726008,High value / High risk
12530,0.45216628110229434,459.94770169077896,207.97284177506697,High value / Low risk
14932,0.6349192232013343,327.4864038874745,207.92741316523376,High value / High risk
17714,0.5285229414994974,393.03628915695845,207.7286956612827,High value / High risk
17114,0.8588802228226446,239.97683909961742,206.11136103815335,Low value / High risk
14824,0.44578572179192893,459.0959226790502,204.65840726321198,High value / Low risk
16496,0.5580988535227666,364.11150114456666,203.21021134323615,High value / High risk
17214,0.6811449976464763,297.65759450484023,202.74798150845518,Low value / High risk
17198,0.6552408840298003,308.82459602708474,202.35450131093296,Low value / High risk
14889,0.8601282117612727,235.1912268941939,202.29460941044275,Low value / High risk
17504,0.16707200949503084,1209.175386258676,202.0193616141671,High value / Low risk
17569,0.8194148451516505,244.96180980510758,200.7253434495203,Low value / High risk
14049,0.12972215951658192,1543.406966546177,200.214084713307,High value / Low risk
14321,0.6361199496619858,311.60526907271935,198.21832807694778,Low value / High risk
17567,0.6913928507980155,286.14282365839557,197.83710258457194,Low value / High risk
15525,0.6687089031208522,294.04780722527846,196.63238663470776,Low value / High risk
13082,0.28958886618229956,672.9317600192986,194.873545402048,High value / Low risk
12963,0.5201048496346996,373.3596238085361,194.18615100060669,High value / High risk
15332,0.2118775675164851,913.4689434761592,193.54357774558224,High value / Low risk
17817,0.7123850553784276,269.46090690232836,191.9599230859365,Low value / High risk
14014,0.6606340933220327,290.51099908622973,191.92147048140924,Low value / High risk
14514,0.3928085432331832,487.31461698683927,191.42134479483695,High value / Low risk
12865,0.6505814052608201,293.6767254913516,191.06061676255962,Low value / High risk
17700,0.3331265042290123,572.6273078722743,190.7573332975611,High value / Low risk
12928,0.3121793978840666,605.6822926182308,189.08153341860034,High value / Low risk
13510,0.4216553251659499,442.2745656303993,186.48742578351528,High value / Low risk
14533,0.5054764623662608,368.06083733516,186.04608999174042,High value / High risk
13831,0.2825862589738854,656.8548349374597,185.61815049388574,High value / Low risk
15171,0.7458951460165053,247.53299576597757,184.63366002076683,Low value / High risk
12423,0.5412177808013906,340.42529309355115,184.24422165675472,High value / High risk
15755,0.32794542722044256,561.3207716372103,184.0825802622734,High value / Low risk
15799,0.7005532790394826,262.16417141678653,183.6599699326988,Low value / High risk
17890,0.6400616540633575,286.7186910037191,183.51763961472113,Low value / High risk
12976,0.4342659423803443,419.4245609702233,182.1418022271962,High value / Low risk
16094,0.3321931823402482,543.7708483744157,180.6369685853537,High value / Low risk
14952,0.10441104525536216,1704.0771838059788,177.92447995699615,High value / Low risk
17633,0.5033542734169225,353.210891092702,177.79021144891078,High value / High risk
12539,0.27838793282518304,637.868928353108,177.5750123776365,High value / Low risk
12838,0.29344799155589696,603.2745047396834,177.02969177273852,High value / Low risk
16556,0.22328813401809164,790.5508484281385,176.52062379193822,High value / Low risk
13959,0.6291643925910262,278.94011521496475,175.49918815849415,Low value / High risk
17754,0.3988648611762463,439.88514951347145,175.45472909418314,High value / Low risk
15464,0.7582841325611049,230.59322921487248,174.85518678966363,Low value / High risk
15101,0.5429473136509932,321.4019788476999,174.50434101747203,Low value / High risk
15384,0.4927853749529324,353.12718753228376,174.01591351417093,High value / High risk
14414,0.59498984842042,292.1097098551107,173.80231198882518,Low value / High risk
17418,0.6703740122223556,255.1924418288521,171.07438111762767,Low value / High risk
15811,0.43160916238870717,393.7322134368358,169.93843084692438,High value / Low risk
12352,0.6840525174255703,248.3897384767195,169.911625907679,Low value / High risk
14373,0.880501539383396,192.9001124313307,169.84884594301687,Low value / High risk
15987,0.7167333040748965,236.10758597327234,169.22617021177118,Low value / High risk
14350,0.7199974511432807,234.5736887499033,168.89245800520766,Low value / High risk
15587,0.5008942371801368,336.2720542021982,168.4367340746077,High value / High risk
17752,0.8786760174919902,191.3369524749926,168.1231913997807,Low value / High risk
12359,0.24447474801289656,685.459109798855,167.57744314121948,High value / Low risk
14985,0.8642171786231958,192.9001124313307,166.7075909215019,Low value / High risk
18226,0.12699316696366636,1306.3897391736455,165.9025702664993,High value / Low risk
13542,0.2574991224627395,643.6083165340777,165.72857671724609,High value / Low risk
13002,0.699411373262763,236.70931175694136,165.55718480000587,Low value / High risk
15780,0.8484377680169022,194.48908039652864,165.0118812752906,Low value / High risk
14525,0.2363379751205643,695.4267874069956,164.35575878036846,High value / Low risk
14684,0.6726854392337038,243.57999423973573,163.85271541369968,Low value / High risk
15712,0.43302358015992565,377.2207471377568,163.34547843619347,High value / Low risk
16351,0.3024570413184285,535.5677702728584,161.98624322223657,High value / Low risk
17863,0.285180126318466,567.7318385457272,161.90583743148542,High value / Low risk
14388,0.27357689286231895,590.1408361929861,161.44889631684788,High value / Low risk
13155,0.4942623570526492,326.6189988719301,161.43547624061674,Low value / High risk
14395,0.1595372539280772,1004.4355454120627,160.24488866279094,High value / Low risk
17774,0.4362676910713352,366.80215962003825,160.0239312574134,High value / Low risk
17311,0.36546624945371603,437.42490397699896,159.86403907412569,High value / Low risk
14784,0.6922578910457451,230.8435425252738,159.8032639100748,Low value / High risk
15728,0.7344451470000076,217.55549410614375,159.78257684944603,Low value / High risk
12720,0.23758852583338239,667.3032862424674,158.5436040621194,High value / Low risk
14701,0.42360252514211433,371.23703677905115,157.25694620588203,High value / Low risk
17913,0.30797835373660565,509.79890911032953,157.00702876451675,High value / Low risk
14810,0.39911903729177867,392.49563047427347,156.65247817612172,High value / Low risk
18170,0.47815057736453503,325.96697934715655,155.8612993766164,Low value / High risk
12691,0.4706016117539157,329.4445608762658,155.03714133193168,High value / Low risk
17315,0.11273009400949575,1375.039378642089,155.00831842108133,High value / Low risk
17091,0.2133289354815329,726.0760340294584,154.8930274181576,High value / Low risk
15881,0.34643178033169514,446.96883668022207,154.84420984391602,High value / Low risk
14243,0.15043984001564356,1028.7583166011202,154.7662365642353,High value / Low risk
13898,0.7142758968644549,216.24965143466488,154.461913725121,Low value / High risk
18269,0.8502494189391222,181.0674147685669,153.95246419578302,Low value / High risk
15502,0.2956988955640415,520.5585089700048,153.92857617889462,High value / Low risk
12586,0.5851093707612023,262.4616322763962,153.56876051020024,Low value / High risk
14161,0.4949243470280311,310.21423745492535,153.53257891117752,Low value / High risk
16437,0.7717030540838823,198.25426077962084,152.99341852877583,Low value / High risk
13444,0.7226137132711682,211.61520387306663,152.91604825535197,Low value / High risk
14309,0.43136216139065986,351.4476056576417,151.60119879205263,High value / Low risk
16270,0.7519636460833675,201.11627298868453,151.2321259232691,Low value / High risk
17468,0.8894367334821521,169.38166872080473,150.65427813878858,Low value / High risk
13254,0.8931029478005761,168.17586507931898,150.19836085125175,Low value / High risk
16489,0.7707721299162617,194.69635269662885,150.06652245490832,Low value / High risk
17967,0.7887036729785508,190.00347207348847,149.85643630303787,Low value / High risk
17449,0.3166200748337934,472.82675231281013,149.70644170070145,High value / Low risk
18156,0.8458035862336236,176.99669021290796,149.70443533355927,Low value / High risk
18043,0.8264137067421861,181.0674147685669,149.63659340911622,Low value / High risk
18193,0.6963242499974722,214.29823479666163,149.22105762056762,Low value / High risk
15350,0.6508367723838256,229.26225761800154,149.21230777752928,Low value / High risk
13939,0.5336591904148132,279.25242046833273,149.02562062850745,Low value / High risk
15134,0.7927993210329813,186.3256202432328,147.71882521988408,Low value / High risk
17723,0.8698451178009089,169.38166872080473,147.3358175817629,Low value / High risk
13455,0.5082433168717745,289.7829913565986,147.28026870010243,Low value / High risk
16701,0.18068292935955943,813.9106982972431,147.05976920543046,High value / Low risk
15583,0.8720733798008884,168.17586507931898,146.6616950606599,Low value / High risk
13481,0.4718648375050172,309.91655204520345,146.23872347092512,Low value / Low risk
13838,0.4906044285183358,297.31659509173267,145.86483822399694,Low value / High risk
16122,0.4882510656467651,298.2434498999304,145.61768223580862,Low value / High risk
17730,0.24323018059924054,598.6802640124823,145.61710873695708,High value / Low risk
13144,0.8102635474580372,179.65373709852093,145.56687433554114,Low value / High risk
13168,0.6674256337041236,217.72208376663173,145.31329972932645,Low value / High risk
14210,0.21934113897021568,662.2655956090894,145.26209004168592,High value / Low risk
15880,0.8199169602555458,176.99669021290796,145.12258821466003,Low value / High risk
17857,0.48530859431829015,298.73013713577325,144.97630293387218,Low value / High risk
12422,0.18656322530121017,777.0408446817685,144.96724617460742,High value / Low risk
14829,0.3321316769673436,435.9664800417334,144.79827811781084,High value / Low risk
12808,0.7053482008044952,205.2855994550366,144.79782822668233,Low value / High risk
15189,0.23778331085510027,607.8656555513869,144.54030813211475,High value / Low risk
17820,0.8471369266549212,170.6049212204775,144.52572863492028,Low value / High risk
13030,0.8099470127280575,178.33306714099547,144.44033500148137,Low value / High risk
17925,0.8339035587350329,173.10531216887745,144.3531358535657,Low value / High risk
12427,0.8237517715292901,174.38324883647698,143.64851015408092,Low value / High risk
13754,0.7585178874259982,188.95658603843,143.3269504570988,Low value / High risk
13703,0.7428597820758874,192.69248824913961,143.14349982841637,Low value / High risk
16770,0.25317176095969046,564.584098425287,142.93675040816913,High value / Low risk
15485,0.32477027238387546,435.79506309428984,141.53328134468072,High value / Low risk
14233,0.3834958625501015,368.2470352070125,141.22121439823084,High value / Low risk
15540,0.8332099375023146,169.38166872080473,141.13048960889947,Low value / High risk
16821,0.8657534529885953,162.3959468911959,140.5948517724054,Low value / High risk
17809,0.1691657302926026,830.0712975682007,140.41961724805293,High value / Low risk
14775,0.8092949078304481,173.10531216887745,140.09324765667262,Low value / High risk
15902,0.8561084342535771,163.51987015517116,139.99074000789182,Low value / High risk
15834,0.51163271432427,273.06783436695184,139.71043729181378,Low value / High risk
18076,0.8543279595367215,163.51987015517116,139.69959701337703,Low value / High risk
15509,0.8540809805952162,163.51987015517116,139.659211048931,Low value / High risk
13824,0.313626033227318,443.73848877043577,139.16794202335657,High value / Low risk
15020,0.8429486520272574,164.65948739930928,138.79949294674694,Low value / High risk
18034,0.8187860801887137,169.38166872080473,138.68735258773094,Low value / High risk
16545,0.816634465084113,169.38166872080473,138.3229084308688,Low value / High risk
16254,0.639379606971595,214.8537675240951,137.37311743592238,Low value / High risk
15495,0.8332724403124709,164.65948739930928,137.20621288582302,Low value / High risk
17179,0.4917783231006182,278.8803185314511,137.1472953931633,Low value / High risk
14988,0.38887873346125773,352.29455184690727,136.9998591275267,High value / Low risk
13709,0.4733484413610015,289.4268487839106,136.99974775989037,Low value / High risk
15208,0.8027636620832991,170.61034491184773,136.95978527072964,Low value / High risk
17873,0.20023019351062832,683.2350891760462,136.80429411897114,High value / Low risk
15716,0.4283573511342957,319.0631496088903,136.67304561102972,Low value / Low risk
17048,0.5259532160452164,259.2456753687202,136.35109670599252,Low value / High risk
14291,0.22678422158570777,598.9458958859659,135.83147877045315,High value / Low risk
16592,0.23153412484711466,582.777246782996,134.93281981471196,High value / Low risk
15024,0.16893421681370294,797.1295519304089,134.66245655442157,High value / Low risk
13173,0.37957013496319436,354.11273026878285,134.41061682030715,High value / Low risk
15326,0.5095136338894234,263.0029742632846,134.00360114061263,Low value / High risk
15580,0.45762330942069657,292.7822666122982,133.98398978681263,Low value / Low risk
15951,0.8232574721273034,162.3959468911959,133.69367672136576,Low value / High risk
12599,0.5162855781243675,258.1609713555123,133.28478634542893,Low value / High risk
13181,0.8151952231138054,162.3959468911959,132.38440015874613,Low value / High risk
12915,0.6534978844401891,202.5220836740551,132.34775323341395,Low value / High risk
14867,0.3108891739664029,420.41153548120144,130.7013949916978,High value / Low risk
14540,0.26907930506616295,484.84118445720827,130.46072898120093,High value / Low risk
14320,0.5723109109860095,226.87195684242974,129.8412962976696,Low value / High risk
15808,0.05112975165686094,2529.088614975641,129.31167280189894,High value / Low risk
17560,0.5293217938034187,242.3039380201303,128.25675511844776,Low value / High risk
17975,0.10970064627545724,1166.925333417435,128.01246323109604,High value / Low risk
13435,0.7210963566442861,177.2743025858928,127.83185372134403,Low value / High risk
12708,0.2652204555775593,480.0041317439657,127.30691450024537,High value / Low risk
17677,0.040290555966604004,3142.9688246456853,126.63196133067859,High value / Low risk
14761,0.7684407139091783,164.46708018745426,126.38320051380543,Low value / High risk
16059,0.26950238715298175,467.99022614188686,126.12448310950228,High value / Low risk
12753,0.6743684974205638,186.7961738748155,125.96945509986972,Low value / High risk
13240,0.557772978027939,224.6727776908748,125.31640429444833,Low value / High risk
17802,0.22817581179905308,548.7674457841739,125.21545743069673,High value / Low risk
13946,0.6127656781322983,201.21997356377517,123.30069355456983,Low value / High risk
12583,0.10842012084637787,1135.9995172659326,123.16520494339933,High value / Low risk
16354,0.6625274007971119,184.37650598820093,122.1544872804159,Low value / High risk
15262,0.6035755708227551,201.3861210564408,121.55174297242172,Low value / High risk
13077,0.3167769181867494,382.4799402225556,121.1608167319533,High value / Low risk
16638,0.32257972626480136,375.5722435788703,121.15199152632928,High value / Low risk
17912,0.3038573260032479,396.5159943799309,120.48428976980466,High value / Low risk
16722,0.18474825452405352,649.788352724062,120.04726397583046,High value / Low risk
15914,0.7210435653090415,165.81513009168384,119.55993258349024,Low value / High risk
17540,0.4276671940065852,278.96705420106514,119.3050572904525,Low value / Low risk
13623,0.5114387326838611,232.38590891427484,118.8511547487039,Low value / High risk
14748,0.3609370569989871,322.93101908909466,116.55777164370154,Low value / Low risk
13891,0.6499494672258922,178.60929898995715,116.08701872011274,Low value / High risk
18179,0.45829689064165524,250.71632126745655,114.90251046998964,Low value / Low risk
15279,0.4181944292380355,273.8074531854303,114.50475160600115,Low value / Low risk
14401,0.23980593938115763,477.4790868963892,114.502320968046,High value / Low risk
17188,0.2088767297380854,548.1385341323454,114.49338445299222,High value / Low risk
12726,0.2988834741940825,382.931619755275,114.45193289122395,High value / Low risk
16612,0.34552547123640803,330.4975921189435,114.19533625939613,High value / Low risk
13634,0.17731913339907163,642.4891200045636,113.92561397754135,High value / Low risk
13426,0.14953385827354765,760.1985166715872,113.67541725173027,High value / Low risk
14710,0.4407187804527009,253.50770162256916,111.72560509446586,Low value / Low risk
15197,0.4642430843521949,240.43006335731556,111.61799418399382,Low value / Low risk
13579,0.5893691765119288,189.28438674841527,111.55838314447895,Low value / High risk
17491,0.19179969562888483,575.5633249552988,110.39287054157523,High value / Low risk
16365,0.32710120901449785,336.33935436731014,110.01700945270278,High value / Low risk
13502,0.6688165944755143,163.437363804755,109.30962106995193,Low value / High risk
14744,0.13589974362653576,801.2964444016501,108.89598136303891,High value / Low risk
18168,0.2482686747462093,436.18647265195165,108.29143750752371,High value / Low risk
14396,0.4913909536307521,219.35127264374245,107.7872310445277,Low value / High risk
14692,0.33179726990191943,324.75646294583566,107.75330778843214,Low value / Low risk
13576,0.1193082260544826,897.614592946152,107.0928047650219,High value / Low risk
13784,0.3719979031515155,287.1848882329185,106.83217623944802,Low value / Low risk
17290,0.5330961574582037,200.10982876437805,106.67778078390906,Low value / High risk
16658,0.5630029434273144,189.25599345458068,106.55168137618946,Low value / High risk
13531,0.5399663441199332,195.67675344597524,105.65886118748078,Low value / High risk
17706,0.0761043688521258,1382.7142347290924,105.23059413690771,High value / Low risk
13694,0.005015093574543436,20943.566344699702,105.03394500332764,High value / Low risk
16019,0.04865562125877575,2152.3658333892063,104.72469679971444,High value / Low risk
17827,0.3801069658235603,274.34110958619846,104.27896676547874,Low value / Low risk
17812,0.5710983433378082,181.07037661799671,103.40899211409092,Low value / High risk
14312,0.23696163296684777,433.1869022527672,102.64867573766598,High value / Low risk
14616,0.6102338677616993,168.16388177977672,102.6192959962943,Low value / High risk
15658,0.39685949104927704,257.8790213267598,102.34173715602356,Low value / Low risk
14805,0.6173641594138479,165.0030624243316,101.86697693430816,Low value / High risk
14013,0.7199927650473107,141.27839602117209,101.71942299273266,Low value / High risk
15660,0.38766388752903336,261.02057277565063,101.1882499672637,Low value / Low risk
13859,0.7271177120595128,138.95855303748453,101.03922515571622,Low value / High risk
16419,0.6417322538555414,156.78791549986244,100.6158623910389,Low value / High risk
15240,0.2288328099866868,438.99223015892613,100.45582558958942,High value / Low risk
15719,0.10905679525888813,919.8601081149799,100.31699547751406,High value / Low risk
17581,0.08164046749378838,1225.7968498619061,100.07462787513914,High value / Low risk
14341,0.24343975554161673,409.451528206555,99.67677993274513,High value / Low risk
12897,0.7675335170398753,129.22242103394336,99.18253929659011,Low value / High risk
12829,0.6107144731120406,161.7522160017788,98.78441937023133,Low value / High risk
16255,0.20044319664811897,491.1456235420342,98.44679880249896,High value / Low risk
13233,0.6397632059011401,153.7899446094903,98.38914799872627,Low value / High risk
15164,0.3737861912253013,261.58607307104273,97.77726193080842,Low value / Low risk
16699,0.5055428704456364,192.16137993616223,97.14581560172198,Low value / High risk
15046,0.16822014033970786,573.3978688995393,96.4570699767699,High value / Low risk
17908,0.5486842489179988,175.2246481937174,96.1430044860904,Low value / High risk
13405,0.5999303276160187,159.76835935509052,95.84988417057326,Low value / High risk
14605,0.6000379017829491,159.33111039248803,95.60470516865595,Low value / High risk
17362,0.5249841973009853,181.82019625896643,95.45272978612111,Low value / High risk
15983,0.22045195926520417,432.6552610208544,95.37969997844567,High value / Low risk
13611,0.252838818707476,376.68002792104403,95.23933329025584,High value / Low risk
12474,0.0913490842018352,1037.2026345423894,94.74751079717804,High value / Low risk
17314,0.194185205356428,483.62181880647256,93.91220219978409,High value / Low risk
13728,0.26800764253755466,350.1460546905734,93.84181866144625,High value / Low risk
12779,0.16781785477144984,558.1522693810101,93.6679164833375,High value / Low risk
17231,0.1378067268237115,679.7031257362927,93.66766296956412,High value / Low risk
13211,0.341900434633582,272.31539331854776,93.10475133302631,Low value / Low risk
17591,0.5391379948627034,171.0091331834569,92.19752116773795,Low value / High risk
16748,0.19662430522601773,467.1699946420818,91.85697561894176,High value / Low risk
14871,0.5419988084513176,167.32484523789134,90.68986674323824,Low value / High risk
17811,0.08728926099616471,1038.0575430055417,90.6112758004482,High value / Low risk
17419,0.19212941199840358,467.8770008014212,89.89293305155365,High value / Low risk
15434,0.3268941275954645,273.4932816186423,89.40334769794676,Low value / Low risk
18025,0.3482350363326079,255.8001927367663,89.0785894115759,Low value / Low risk
18006,0.6825334585052634,128.87354959999388,87.96050951833342,Low value / High risk
12682,0.04190739204020769,2059.150312662187,86.29361942245052,High value / Low risk
15570,0.07574730691065686,1138.6133862078725,86.24689761766999,High value / Low risk
17256,0.6561827154152072,128.7460860887858,84.4809563688195,Low value / High risk
17530,0.6571914648602909,127.29106440105457,83.65460107735468,Low value / High risk
15965,0.2338826885894584,355.1147517163003,83.0551928891863,High value / Low risk
15889,0.38238478889041794,217.15034319788595,83.03498814120542,Low value / Low risk
17027,0.6197725412847392,133.5301729945852,82.75833465504493,Low value / High risk
14472,0.5457243200315688,149.7660338680407,81.7309669964614,Low value / High risk
15797,0.660078109203579,119.59933371825484,78.94490206275351,Low value / High risk
17860,0.6191819695804687,127.31102295657294,78.82868994355509,Low value / High risk
14577,0.5030598574984304,155.20035499577827,78.07506846788203,Low value / High risk
17998,0.6678163608744607,116.56855932602994,77.846391081488,Low value / High risk
18011,0.7467042565762021,103.73563370540141,77.45983924645297,Low value / High risk
13487,0.6881400554976667,111.10049110247485,76.45269811307506,Low value / High risk
14907,0.12021583566857623,634.4684205300013,76.27315137933574,High value / Low risk
13600,0.7178743314412901,105.45044566256232,75.700168180198,Low value / High risk
16593,0.4362996276313601,172.99681992448643,75.47844811446289,Low value / Low risk
16717,0.1602353669687599,469.57244009209415,75.24211225657272,High value / Low risk
13187,0.6734532100158118,110.36108277648883,74.32302545664713,Low value / High risk
15916,0.21418858805411553,338.51103936733784,72.50520156282121,High value / Low risk
15512,0.6266595703840616,112.25465863825012,70.34545615585532,Low value / High risk
18101,0.6090204112626285,114.82689359730676,69.93192196264185,Low value / High risk
16600,0.2836432334287342,244.7167445269414,69.41224869177515,Low value / Low risk
13534,0.08881674904981629,780.3576044172707,69.30882552064455,High value / Low risk
15527,0.1164541666524248,593.2187759288926,69.0827981933707,High value / Low risk
13010,0.7580935449431339,91.03383811512235,69.01216504647248,Low value / High risk
14238,0.6880466463519304,99.70764419267452,68.60351020242123,Low value / High risk
18144,0.17778758325698535,384.88266932565153,68.42735961690504,High value / Low risk
18212,0.7230382684144587,94.53016983552989,68.34893031080622,Low value / High risk
17696,0.07909157393690577,853.2023611947096,67.48111763357396,High value / Low risk
12665,0.7115438573043184,94.44542206262962,67.20205991917786,Low value / High risk
14030,0.07518710553065355,888.5845448193136,66.81009994423748,High value / Low risk
13078,0.024508669273501895,2710.5303445417912,66.4314917701659,High value / Low risk
15827,0.16638147080859067,381.94230800432206,63.54812296978686,High value / Low risk
13418,0.06212508035372495,1013.6404876633909,62.9724967458771,High value / Low risk
17707,0.44632073002671435,139.87327387084107,62.42834170526034,Low value / Low risk
14796,0.10425666007977033,567.7190931136527,59.188496511545566,High value / Low risk
13000,0.7071844642353504,83.06323208361712,58.741027278709346,Low value / High risk
15503,0.7703698812428784,75.35420982393714,58.0506136732174,Low value / High risk
13148,0.06250303565688267,906.6945315171097,56.671160633314436,High value / Low risk
17368,0.2022701384298167,275.267791222349,55.678454235814414,Low value / Low risk
14723,0.25751092894096184,212.4859033598762,54.71744236106117,Low value / Low risk
17988,0.5592088706110985,95.75096527909811,53.54478915364696,Low value / High risk
18109,0.07101167851559444,733.7723019588399,52.106402810348825,High value / Low risk
17572,0.38728025761218343,133.58910440762193,51.73642276916469,Low value / Low risk
15577,0.73647888548796,69.67428436282003,51.3136392947009,Low value / High risk
15358,0.029435089506589886,1499.2860830880002,44.131620051679846,High value / Low risk
14735,0.037022557210067884,1105.5810839219628,40.93143892986973,High value / Low risk
12471,0.010560334604940805,3829.6221803754534,40.44209163526776,High value / Low risk
15061,0.0021200305579502513,13953.998995356698,29.58290427576331,High value / Low risk
13089,0.001896732159628057,10342.143131394234,19.616275476791863,High value / Low risk
17841,0.0035690330907990233,4990.401835875249,17.810909288622963,High value / Low risk
12748,0.001041375843466332,3873.5320743057346,4.033802731074025,High value / Low risk
