customer,historical_value,estimated_future_revenue,observed_future_revenue
13694,138699.89,20943.566344699702,13361.17
15061,94523.79,13953.998995356698,4405.65
13089,67493.98,10342.143131394234,9969.34
17841,32650.3,4990.401835875249,3773.89
12748,25088.57,3873.5320743057346,2195.58
12471,25669.35,3829.6221803754534,1940.9099999999999
17404,22647.36,3690.961136015447,4522.679999999999
17677,20829.78,3142.9688246456853,2313.1
13078,18035.86,2710.5303445417912,1884.27
15808,17180.25,2529.088614975641,0.0
12678,16874.0,2418.3044466571014,3730.56
16019,14367.07,2152.3658333892063,1665.3500000000001
12682,13582.539999999999,2059.150312662187,1064.95
12476,7829.52,1974.7154162857737,1571.8700000000001
13027,11767.2,1942.6340781341762,2400.0
12472,12133.84,1732.809359382115,592.18
14952,11188.74,1704.0771838059788,524.95
14049,8472.76,1543.406966546177,0.0
15358,9847.95,1499.2860830880002,2049.87
17706,10245.49,1382.7142347290924,411.02
17315,4051.8900000000003,1375.039378642089,1376.03
12766,3765.13,1363.382429888092,2179.94
15379,3856.64,1335.661032580957,371.84000000000003
18226,7068.13,1306.3897391736455,757.1
12668,9055.55,1291.4011405860515,1444.8
16126,8356.83,1277.611272734865,891.35
17581,8161.66,1225.7968498619061,829.25
17504,6934.29,1209.175386258676,1205.29
17975,3591.8500000000004,1166.925333417435,488.06000000000006
15570,6123.31,1138.6133862078725,725.7900000000001
12583,7896.219999999999,1135.9995172659326,1034.4099999999999
14016,7815.94,1118.500333270098,1477.56
14735,7191.320000000001,1105.5810839219628,654.6
17811,2679.5,1038.0575430055417,2436.29
12474,5648.46,1037.2026345423894,1351.25
13324,4502.12,1035.5648505466265,1326.87
14243,5429.38,1028.7583166011202,712.67
13418,7011.85,1013.6404876633909,362.24
14395,5011.38,1004.4355454120627,548.37
14329,6459.96,999.5571746612676,578.02
13615,6272.53,979.2430523472323,0.0
14146,6500.73,975.0091519576413,662.3
12578,3456.6000000000004,942.7268732104711,0.0
15719,6024.95,919.8601081149799,846.8299999999999
17204,3940.13,914.7368845017126,1250.16
15332,4892.68,913.4689434761592,0.0
13148,5883.27,906.6945315171097,710.6700000000001
13576,5807.97,897.614592946152,1120.8000000000002
18178,5146.88,893.7757393592608,0.0
14030,6146.69,888.5845448193136,451.29
17696,5569.48,853.2023611947096,318.24
13198,2757.73,844.5326121538969,903.01
17809,5925.4800000000005,830.0712975682007,880.2
16701,5361.31,813.9106982972431,733.04
14744,3277.13,801.2964444016501,211.0
15024,2414.18,797.1295519304089,189.37
16556,5009.64,790.5508484281385,958.21
13534,2700.97,780.3576044172707,1164.05
12422,4666.74,777.0408446817685,0.0
13426,5165.49,760.1985166715872,645.5899999999999
18109,2586.21,733.7723019588399,817.98
17091,4556.14,726.0760340294584,505.57
16539,2648.1,722.7065039031684,0.0
14525,4537.59,695.4267874069956,462.91999999999996
13815,4460.39,694.1749050679335,0.0
12359,4949.77,685.459109798855,0.0
17873,4621.32,683.2350891760462,975.8300000000002
17231,4323.07,679.7031257362927,562.51
16858,4292.59,674.8400443281336,0.0
13082,4101.56,672.9317600192986,1580.74
17284,1856.69,670.6411984394923,207.24
12720,2941.98,667.3032862424674,960.46
14210,4319.34,662.2655956090894,308.78000000000003
17672,3778.3,658.6388094909014,0.0
13831,4795.09,656.8548349374597,0.0
16722,4258.27,649.788352724062,314.36
14189,1799.85,648.4365067704746,847.5900000000001
17732,2166.42,644.5071908301733,0.0
13542,3959.4900000000002,643.6083165340777,0.0
13634,3820.61,642.4891200045636,263.41
12539,9078.1,637.868928353108,1085.99
14970,3664.79,636.626888039262,444.75
14907,3007.3100000000004,634.4684205300013,0.0
15392,1715.0700000000002,633.273251586706,0.0
15189,2017.4700000000003,607.8656555513869,2436.82
12928,2634.53,605.6822926182308,387.7
15641,3766.7200000000003,604.2992004871546,997.01
12838,2694.75,603.2745047396834,0.0
14291,4020.85,598.9458958859659,984.88
17730,2786.8,598.6802640124823,1133.91
15527,3706.66,593.2187759288926,0.0
14388,3488.16,590.1408361929861,401.45
13725,1168.63,585.7159879791976,430.17
16592,3694.23,582.777246782996,802.75
17491,2727.7200000000003,575.5633249552988,556.9399999999999
15046,3491.68,573.3978688995393,558.4300000000001
17700,4145.33,572.6273078722743,602.61
17863,3091.18,567.7318385457272,481.2
14796,3516.4,567.7190931136527,1733.32
16770,1549.58,564.584098425287,121.63
15755,3628.87,561.3207716372103,620.73
12779,3691.33,558.1522693810101,1023.6199999999999
17802,3761.38,548.7674457841739,0.0
17188,3543.1400000000003,548.1385341323454,0.0
16094,2617.33,543.7708483744157,0.0
16351,3330.03,535.5677702728584,0.0
16128,1920.8300000000002,528.2168950926672,388.3
15502,3548.34,520.5585089700048,1711.06
17913,3238.69,509.79890911032953,0.0
13118,1217.6,493.81988893272285,614.48
16255,2803.3,491.1456235420342,168.46
14514,3645.09,487.31461698683927,0.0
14540,2952.88,484.84118445720827,0.0
17314,2942.71,483.62181880647256,220.8
12708,2885.81,480.0041317439657,485.15999999999997
14401,3296.54,477.4790868963892,0.0
15638,2265.2,473.78939025407817,0.0
17449,3033.2,472.82675231281013,638.4300000000001
16676,1234.6,471.36550911702136,329.24
18198,604.1,470.8586259944688,1538.5500000000002
16717,3127.8500000000004,469.57244009209415,0.0
16059,1859.91,467.99022614188686,381.5
17419,2604.15,467.8770008014212,1341.33
16748,2731.23,467.1699946420818,0.0
12530,2484.38,459.94770169077896,417.6
14824,2895.2000000000003,459.0959226790502,0.0
15881,501.39000000000004,446.96883668022207,0.0
13824,2058.7,443.73848877043577,659.3000000000001
13510,2766.73,442.2745656303993,0.0
17754,2786.57,439.88514951347145,264.24
15240,3066.31,438.99223015892613,316.2
17311,2738.17,437.42490397699896,0.0
18168,2725.4,436.18647265195165,403.28
14829,1143.65,435.9664800417334,0.0
15485,3514.55,435.79506309428984,0.0
14312,1915.0700000000002,433.1869022527672,157.65
15983,2783.62,432.6552610208544,0.0
17655,1013.54,428.7195073113548,620.6000000000001
14867,2542.52,420.41153548120144,0.0
12976,2417.78,419.4245609702233,0.0
14341,2620.67,409.451528206555,0.0
16229,1857.26,401.4051858552918,0.0
12849,2032.1799999999998,396.66367371577013,668.8499999999999
17912,374.55,396.5159943799309,0.0
14587,358.25,396.30014012546064,706.1
15811,1706.33,393.7322134368358,458.53
17714,1410.18,393.03628915695845,0.0
14810,729.79,392.49563047427347,618.1600000000001
18144,2664.25,384.88266932565153,363.4
14779,348.15,383.46245272579085,38.0
12726,1977.3600000000001,382.931619755275,316.02
13077,2326.35,382.4799402225556,262.47
15827,2135.33,381.94230800432206,429.36
15712,2400.05,377.2207471377568,299.8
13611,2446.6800000000003,376.68002792104403,0.0
16638,913.03,375.5722435788703,997.8199999999999
16997,468.0,373.72605266016063,234.0
12963,1744.96,373.3596238085361,0.0
14701,2345.67,371.23703677905115,1349.25
16726,834.71,370.54636267530094,456.19
14233,2072.5,368.2470352070125,0.0
14533,1950.15,368.06083733516,0.0
17774,2280.09,366.80215962003825,375.0
16496,1467.95,364.11150114456666,0.0
15965,2119.26,355.1147517163003,0.0
13173,2212.11,354.11273026878285,0.0
17633,732.55,353.210891092702,0.0
15384,1688.95,353.12718753228376,0.0
14988,1704.1100000000001,352.29455184690727,0.0
14309,1783.25,351.4476056576417,580.9100000000001
13728,1997.61,350.1460546905734,183.0
12413,720.6,344.7722485041085,84.65
17162,424.41,340.5622803329826,394.90000000000003
15781,83.35,340.5622803329826,0.0
12423,1001.01,340.42529309355115,795.02
17167,867.11,339.993535764814,0.0
15916,2217.44,338.51103936733784,158.54000000000002
16365,1995.3799999999999,336.33935436731014,120.9
15587,953.28,336.2720542021982,0.0
16612,2337.82,330.4975921189435,0.0
12691,540.8,329.4445608762658,0.0
14932,666.13,327.4864038874745,0.0
13155,967.9200000000001,326.6189988719301,0.0
14842,310.0,326.3945665902512,0.0
14778,334.05,326.3945665902512,0.0
18170,1897.69,325.96697934715655,0.0
14692,1383.19,324.75646294583566,220.7
14748,1736.57,322.93101908909466,0.0
12502,617.25,321.9312420362187,702.8
15101,1262.69,321.4019788476999,0.0
15716,1913.55,319.0631496088903,115.26
15589,184.95,317.5887493145867,293.58
17337,989.38,317.5887493145867,459.5
13494,316.26000000000005,313.36223758772576,0.0
14321,1014.13,311.60526907271935,0.0
14161,2182.46,310.21423745492535,263.04
13481,2026.28,309.91655204520345,665.28
17619,214.37,309.24711254671445,0.0
17198,521.66,308.82459602708474,0.0
14502,152.07,305.2390196624895,907.87
17857,1808.7,298.73013713577325,6319.34
16122,461.04,298.2434498999304,0.0
17214,303.55,297.65759450484023,308.42
12574,218.45,297.5276196105139,0.0
13838,1245.91,297.31659509173267,0.0
15525,430.78,294.04780722527846,0.0
12865,1755.2400000000002,293.6767254913516,0.0
15580,1375.39,292.7822666122982,0.0
14414,1119.55,292.1097098551107,0.0
14014,1443.0299999999997,290.51099908622973,0.0
17786,103.35,290.19743827621306,0.0
13455,1847.5900000000001,289.7829913565986,0.0
13709,1718.0,289.4268487839106,0.0
13784,777.0799999999999,287.1848882329185,96.75
17890,586.89,286.7186910037191,0.0
17567,1024.5500000000002,286.14282365839557,1356.02
13396,387.27000000000004,283.2208380286356,0.0
14782,200.10000000000002,283.2208380286356,0.0
13939,1176.9099999999999,279.25242046833273,0.0
17540,1280.5,278.96705420106514,0.0
13959,685.47,278.94011521496475,122.7
17179,1038.47,278.8803185314511,245.31
17368,1573.4199999999998,275.267791222349,194.92000000000002
17827,1659.8,274.34110958619846,309.51
15279,1580.54,273.8074531854303,0.0
15434,1525.5800000000002,273.4932816186423,0.0
16618,728.16,273.36479643071044,354.65999999999997
15834,1539.24,273.06783436695184,1272.77
13211,1634.05,272.31539331854776,0.0
17817,400.47,269.46090690232836,269.7
15326,1700.52,263.0029742632846,0.0
12586,1865.73,262.4616322763962,0.0
15799,857.4199999999998,262.16417141678653,0.0
15164,1371.97,261.58607307104273,0.0
15660,1212.1299999999999,261.02057277565063,155.0
17048,1404.74,259.2456753687202,501.99
12599,1264.14,258.1609713555123,312.46000000000004
15658,1669.5700000000002,257.8790213267598,21.25
18025,1177.72,255.8001927367663,0.0
17418,373.99,255.1924418288521,0.0
14710,1300.31,253.50770162256916,0.0
18179,1377.28,250.71632126745655,480.26
12352,343.8,248.3897384767195,1561.81
15171,1289.5,247.53299576597757,0.0
17569,344.14,244.96180980510758,0.0
16600,1465.75,244.7167445269414,111.6
14684,396.88,243.57999423973573,0.0
17560,1202.95,242.3039380201303,0.0
15197,1354.4,240.43006335731556,216.75
17114,140.59,239.97683909961742,258.15
13002,414.13,236.70931175694136,0.0
15987,216.7,236.10758597327234,0.0
14889,135.9,235.1912268941939,0.0
14350,689.0999999999999,234.5736887499033,282.93
13623,1805.32,232.38590891427484,391.59000000000003
14784,274.62,230.8435425252738,0.0
15464,1044.65,230.59322921487248,0.0
15350,547.6,229.26225761800154,0.0
14320,1221.47,226.87195684242974,0.0
13240,1036.21,224.6727776908748,218.34
14396,1591.74,219.35127264374245,0.0
13168,1163.47,217.72208376663173,199.3
15728,544.6,217.55549410614375,0.0
15889,1279.6,217.15034319788595,0.0
13898,686.4000000000001,216.24965143466488,0.0
16254,967.44,214.8537675240951,0.0
18193,963.5899999999999,214.29823479666163,0.0
14723,1136.35,212.4859033598762,0.0
13444,619.08,211.61520387306663,0.0
12808,422.45000000000005,205.2855994550366,0.0
12915,811.1,202.5220836740551,0.0
15262,418.82,201.3861210564408,0.0
13946,1314.66,201.21997356377517,209.85
16270,1141.24,201.11627298868453,0.0
17290,974.95,200.10982876437805,0.0
16437,301.25,198.25426077962084,0.0
13531,1254.72,195.67675344597524,0.0
16489,303.7,194.69635269662885,0.0
15780,177.15,194.48908039652864,225.61
14985,119.77,192.9001124313307,0.0
14373,76.55,192.9001124313307,0.0
13703,425.56,192.69248824913961,0.0
16699,994.6,192.16137993616223,0.0
17752,80.64,191.3369524749926,0.0
17967,223.42,190.00347207348847,0.0
13579,1072.0,189.28438674841527,0.0
16658,690.83,189.25599345458068,0.0
13754,320.45000000000005,188.95658603843,0.0
12753,3590.59,186.7961738748155,9349.92
15134,208.3,186.3256202432328,110.1
16354,723.66,184.37650598820093,0.0
17362,861.81,181.82019625896643,162.23000000000002
17812,405.48,181.07037661799671,0.0
18269,168.6,181.0674147685669,0.0
18043,287.91,181.0674147685669,0.0
13144,135.35,179.65373709852093,0.0
13891,859.21,178.60929898995715,0.0
13030,402.36,178.33306714099547,0.0
13435,637.44,177.2743025858928,0.0
15880,329.03000000000003,176.99669021290796,0.0
18156,186.88,176.99669021290796,0.0
17908,1142.47,175.2246481937174,0.0
12427,303.5,174.38324883647698,0.0
14775,406.56,173.10531216887745,0.0
17925,244.08,173.10531216887745,0.0
16593,810.71,172.99681992448643,0.0
17591,829.38,171.0091331834569,477.72
15208,165.8,170.61034491184773,0.0
17820,180.60999999999999,170.6049212204775,0.0
18034,335.52,169.38166872080473,0.0
15540,247.38,169.38166872080473,0.0
16545,350.52,169.38166872080473,0.0
17723,102.0,169.38166872080473,0.0
17468,57.8,169.38166872080473,0.0
15583,95.96,168.17586507931898,0.0
13254,51.410000000000004,168.17586507931898,0.0
14616,359.3,168.16388177977672,168.48000000000002
14871,847.84,167.32484523789134,108.2
15914,205.98999999999998,165.81513009168384,0.0
14805,645.4,165.0030624243316,0.0
15020,198.47,164.65948739930928,0.0
15495,246.5,164.65948739930928,0.0
14761,289.52,164.46708018745426,0.0
18076,151.49,163.51987015517116,0.0
15509,152.41,163.51987015517116,0.0
15902,145.01,163.51987015517116,0.0
13502,603.0999999999999,163.437363804755,74.56
13181,359.69,162.3959468911959,0.0
16821,113.35,162.3959468911959,0.0
15951,304.95,162.3959468911959,375.16999999999996
12829,385.3,161.7522160017788,0.0
13405,801.4100000000001,159.76835935509052,0.0
14605,921.5600000000001,159.33111039248803,0.0
16419,757.65,156.78791549986244,264.27
14577,851.34,155.20035499577827,121.11
13233,875.5799999999999,153.7899446094903,0.0
14472,812.3199999999999,149.7660338680407,709.49
14013,611.55,141.27839602117209,118.5
17707,540.6,139.87327387084107,0.0
13859,515.86,138.95855303748453,0.0
17572,496.26000000000005,133.58910440762193,81.4
17027,620.6700000000001,133.5301729945852,245.63
12897,297.75,129.22242103394336,128.8
18006,524.8299999999999,128.87354959999388,0.0
17256,386.83,128.7460860887858,0.0
17860,717.39,127.31102295657294,0.0
17530,725.21,127.29106440105457,772.8499999999999
15797,628.6800000000001,119.59933371825484,1495.2
17998,639.24,116.56855932602994,0.0
18101,399.61,114.82689359730676,0.0
15512,311.78000000000003,112.25465863825012,0.0
13487,464.62,111.10049110247485,0.0
13187,341.36,110.36108277648883,0.0
13600,518.42,105.45044566256232,0.0
18011,410.78999999999996,103.73563370540141,0.0
14238,434.23,99.70764419267452,0.0
17988,353.40999999999997,95.75096527909811,0.0
18212,514.37,94.53016983552989,0.0
12665,313.6,94.44542206262962,0.0
13010,330.12,91.03383811512235,0.0
13000,699.4000000000001,83.06323208361712,256.78
15503,257.3,75.35420982393714,0.0
15577,166.8,69.67428436282003,0.0
