cohort,month,cohort_age,active_customers,cohort_size,retention
2009-12-01,2009-12-01,0,955,955,1.0
2009-12-01,2010-01-01,1,337,955,0.35287958115183243
2009-12-01,2010-02-01,2,319,955,0.33403141361256544
2009-12-01,2010-03-01,3,406,955,0.42513089005235605
2009-12-01,2010-04-01,4,363,955,0.38010471204188484
2009-12-01,2010-05-01,5,343,955,0.35916230366492147
2009-12-01,2010-06-01,6,360,955,0.3769633507853403
2009-12-01,2010-07-01,7,327,955,0.3424083769633508
2009-12-01,2010-08-01,8,321,955,0.33612565445026177
2009-12-01,2010-09-01,9,346,955,0.362303664921466
2009-12-01,2010-10-01,10,403,955,0.42198952879581153
2009-12-01,2010-11-01,11,473,955,0.4952879581151832
2009-12-01,2010-12-01,12,359,955,0.37591623036649213
2009-12-01,2011-01-01,13,270,955,0.28272251308900526
2009-12-01,2011-02-01,14,233,955,0.24397905759162303
2009-12-01,2011-03-01,15,289,955,0.30261780104712044
2009-12-01,2011-04-01,16,251,955,0.2628272251308901
2009-12-01,2011-05-01,17,289,955,0.30261780104712044
2009-12-01,2011-06-01,18,270,955,0.28272251308900526
2009-12-01,2011-07-01,19,248,955,0.25968586387434556
2009-12-01,2011-08-01,20,244,955,0.2554973821989529
2009-12-01,2011-09-01,21,301,955,0.31518324607329845
2009-12-01,2011-10-01,22,291,955,0.30471204188481676
2009-12-01,2011-11-01,23,389,955,0.4073298429319372
2010-01-01,2010-01-01,0,383,383,1.0
2010-01-01,2010-02-01,1,79,383,0.206266318537859
2010-01-01,2010-03-01,2,119,383,0.31070496083550914
2010-01-01,2010-04-01,3,117,383,0.30548302872062666
2010-01-01,2010-05-01,4,101,383,0.26370757180156656
2010-01-01,2010-06-01,5,115,383,0.3002610966057441
2010-01-01,2010-07-01,6,99,383,0.2584856396866841
2010-01-01,2010-08-01,7,88,383,0.2297650130548303
2010-01-01,2010-09-01,8,107,383,0.2793733681462141
2010-01-01,2010-10-01,9,122,383,0.3185378590078329
2010-01-01,2010-11-01,10,116,383,0.3028720626631854
2010-01-01,2010-12-01,11,66,383,0.17232375979112272
2010-01-01,2011-01-01,12,85,383,0.22193211488250653
2010-01-01,2011-02-01,13,68,383,0.17754569190600522
2010-01-01,2011-03-01,14,72,383,0.18798955613577023
2010-01-01,2011-04-01,15,58,383,0.1514360313315927
2010-01-01,2011-05-01,16,90,383,0.2349869451697128
2010-01-01,2011-06-01,17,76,383,0.19843342036553524
2010-01-01,2011-07-01,18,71,383,0.185378590078329
2010-01-01,2011-08-01,19,75,383,0.195822454308094
2010-01-01,2011-09-01,20,93,383,0.24281984334203655
2010-01-01,2011-10-01,21,74,383,0.19321148825065274
2010-01-01,2011-11-01,22,94,383,0.2454308093994778
2010-02-01,2010-02-01,0,374,374,1.0
2010-02-01,2010-03-01,1,89,374,0.23796791443850268
2010-02-01,2010-04-01,2,84,374,0.22459893048128343
2010-02-01,2010-05-01,3,109,374,0.2914438502673797
2010-02-01,2010-06-01,4,92,374,0.24598930481283424
2010-02-01,2010-07-01,5,75,374,0.20053475935828877
2010-02-01,2010-08-01,6,72,374,0.1925133689839572
2010-02-01,2010-09-01,7,107,374,0.28609625668449196
2010-02-01,2010-10-01,8,95,374,0.2540106951871658
2010-02-01,2010-11-01,9,103,374,0.27540106951871657
2010-02-01,2010-12-01,10,43,374,0.11497326203208556
2010-02-01,2011-01-01,11,47,374,0.12566844919786097
2010-02-01,2011-02-01,12,57,374,0.15240641711229946
2010-02-01,2011-03-01,13,65,374,0.17379679144385027
2010-02-01,2011-04-01,14,46,374,0.12299465240641712
2010-02-01,2011-05-01,15,75,374,0.20053475935828877
2010-02-01,2011-06-01,16,60,374,0.16042780748663102
2010-02-01,2011-07-01,17,61,374,0.16310160427807488
2010-02-01,2011-08-01,18,54,374,0.1443850267379679
2010-02-01,2011-09-01,19,86,374,0.22994652406417113
2010-02-01,2011-10-01,20,86,374,0.22994652406417113
2010-02-01,2011-11-01,21,61,374,0.16310160427807488
2010-03-01,2010-03-01,0,443,443,1.0
2010-03-01,2010-04-01,1,84,443,0.18961625282167044
2010-03-01,2010-05-01,2,102,443,0.23024830699774265
2010-03-01,2010-06-01,3,107,443,0.24153498871331827
2010-03-01,2010-07-01,4,103,443,0.2325056433408578
2010-03-01,2010-08-01,5,90,443,0.20316027088036118
2010-03-01,2010-09-01,6,109,443,0.24604966139954854
2010-03-01,2010-10-01,7,134,443,0.30248306997742663
2010-03-01,2010-11-01,8,122,443,0.27539503386004516
2010-03-01,2010-12-01,9,48,443,0.10835214446952596
2010-03-01,2011-01-01,10,51,443,0.11512415349887133
2010-03-01,2011-02-01,11,63,443,0.14221218961625282
2010-03-01,2011-03-01,12,89,443,0.20090293453724606
2010-03-01,2011-04-01,13,72,443,0.16252821670428894
2010-03-01,2011-05-01,14,89,443,0.20090293453724606
2010-03-01,2011-06-01,15,75,443,0.16930022573363432
2010-03-01,2011-07-01,16,77,443,0.17381489841986456
2010-03-01,2011-08-01,17,69,443,0.15575620767494355
2010-03-01,2011-09-01,18,78,443,0.17607223476297967
2010-03-01,2011-10-01,19,89,443,0.20090293453724606
2010-03-01,2011-11-01,20,94,443,0.21218961625282168
2010-04-01,2010-04-01,0,294,294,1.0
2010-04-01,2010-05-01,1,57,294,0.19387755102040816
2010-04-01,2010-06-01,2,57,294,0.19387755102040816
2010-04-01,2010-07-01,3,48,294,0.16326530612244897
2010-04-01,2010-08-01,4,54,294,0.1836734693877551
2010-04-01,2010-09-01,5,66,294,0.22448979591836735
2010-04-01,2010-10-01,6,81,294,0.2755102040816326
2010-04-01,2010-11-01,7,77,294,0.2619047619047619
2010-04-01,2010-12-01,8,31,294,0.1054421768707483
2010-04-01,2011-01-01,9,32,294,0.10884353741496598
2010-04-01,2011-02-01,10,22,294,0.07482993197278912
2010-04-01,2011-03-01,11,41,294,0.13945578231292516
2010-04-01,2011-04-01,12,41,294,0.13945578231292516
2010-04-01,2011-05-01,13,46,294,0.1564625850340136
2010-04-01,2011-06-01,14,46,294,0.1564625850340136
2010-04-01,2011-07-01,15,46,294,0.1564625850340136
2010-04-01,2011-08-01,16,41,294,0.13945578231292516
2010-04-01,2011-09-01,17,44,294,0.14965986394557823
2010-04-01,2011-10-01,18,53,294,0.18027210884353742
2010-04-01,2011-11-01,19,66,294,0.22448979591836735
2010-05-01,2010-05-01,0,254,254,1.0
2010-05-01,2010-06-01,1,40,254,0.15748031496062992
2010-05-01,2010-07-01,2,43,254,0.16929133858267717
2010-05-01,2010-08-01,3,44,254,0.1732283464566929
2010-05-01,2010-09-01,4,45,254,0.17716535433070865
2010-05-01,2010-10-01,5,65,254,0.2559055118110236
2010-05-01,2010-11-01,6,54,254,0.2125984251968504
2010-05-01,2010-12-01,7,32,254,0.12598425196850394
2010-05-01,2011-01-01,8,15,254,0.05905511811023622
2010-05-01,2011-02-01,9,21,254,0.08267716535433071
2010-05-01,2011-03-01,10,29,254,0.1141732283464567
2010-05-01,2011-04-01,11,34,254,0.13385826771653545
2010-05-01,2011-05-01,12,39,254,0.15354330708661418
2010-05-01,2011-06-01,13,39,254,0.15354330708661418
2010-05-01,2011-07-01,14,25,254,0.0984251968503937
2010-05-01,2011-08-01,15,32,254,0.12598425196850394
2010-05-01,2011-09-01,16,35,254,0.1377952755905512
2010-05-01,2011-10-01,17,42,254,0.16535433070866143
2010-05-01,2011-11-01,18,39,254,0.15354330708661418
2010-06-01,2010-06-01,0,270,270,1.0
2010-06-01,2010-07-01,1,47,270,0.17407407407407408
2010-06-01,2010-08-01,2,51,270,0.18888888888888888
2010-06-01,2010-09-01,3,55,270,0.2037037037037037
2010-06-01,2010-10-01,4,62,270,0.22962962962962963
2010-06-01,2010-11-01,5,77,270,0.2851851851851852
2010-06-01,2010-12-01,6,34,270,0.1259259259259259
2010-06-01,2011-01-01,7,24,270,0.08888888888888889
2010-06-01,2011-02-01,8,22,270,0.08148148148148149
2010-06-01,2011-03-01,9,32,270,0.11851851851851852
2010-06-01,2011-04-01,10,29,270,0.10740740740740741
2010-06-01,2011-05-01,11,37,270,0.13703703703703704
2010-06-01,2011-06-01,12,40,270,0.14814814814814814
2010-06-01,2011-07-01,13,33,270,0.12222222222222222
2010-06-01,2011-08-01,14,30,270,0.1111111111111111
2010-06-01,2011-09-01,15,33,270,0.12222222222222222
2010-06-01,2011-10-01,16,36,270,0.13333333333333333
2010-06-01,2011-11-01,17,55,270,0.2037037037037037
2010-07-01,2010-07-01,0,186,186,1.0
2010-07-01,2010-08-01,1,29,186,0.15591397849462366
2010-07-01,2010-09-01,2,34,186,0.1827956989247312
2010-07-01,2010-10-01,3,55,186,0.2956989247311828
2010-07-01,2010-11-01,4,54,186,0.2903225806451613
2010-07-01,2010-12-01,5,26,186,0.13978494623655913
2010-07-01,2011-01-01,6,21,186,0.11290322580645161
2010-07-01,2011-02-01,7,27,186,0.14516129032258066
2010-07-01,2011-03-01,8,27,186,0.14516129032258066
2010-07-01,2011-04-01,9,21,186,0.11290322580645161
2010-07-01,2011-05-01,10,25,186,0.13440860215053763
2010-07-01,2011-06-01,11,27,186,0.14516129032258066
2010-07-01,2011-07-01,12,25,186,0.13440860215053763
2010-07-01,2011-08-01,13,25,186,0.13440860215053763
2010-07-01,2011-09-01,14,36,186,0.1935483870967742
2010-07-01,2011-10-01,15,32,186,0.17204301075268819
2010-07-01,2011-11-01,16,44,186,0.23655913978494625
2010-08-01,2010-08-01,0,162,162,1.0
2010-08-01,2010-09-01,1,33,162,0.2037037037037037
2010-08-01,2010-10-01,2,48,162,0.2962962962962963
2010-08-01,2010-11-01,3,52,162,0.32098765432098764
2010-08-01,2010-12-01,4,28,162,0.1728395061728395
2010-08-01,2011-01-01,5,19,162,0.11728395061728394
2010-08-01,2011-02-01,6,16,162,0.09876543209876543
2010-08-01,2011-03-01,7,20,162,0.12345679012345678
2010-08-01,2011-04-01,8,22,162,0.13580246913580246
2010-08-01,2011-05-01,9,21,162,0.12962962962962962
2010-08-01,2011-06-01,10,21,162,0.12962962962962962
2010-08-01,2011-07-01,11,20,162,0.12345679012345678
2010-08-01,2011-08-01,12,25,162,0.15432098765432098
2010-08-01,2011-09-01,13,30,162,0.18518518518518517
2010-08-01,2011-10-01,14,29,162,0.17901234567901234
2010-08-01,2011-11-01,15,32,162,0.19753086419753085
2010-09-01,2010-09-01,0,243,243,1.0
2010-09-01,2010-10-01,1,55,243,0.22633744855967078
2010-09-01,2010-11-01,2,57,243,0.2345679012345679
2010-09-01,2010-12-01,3,30,243,0.12345679012345678
2010-09-01,2011-01-01,4,22,243,0.09053497942386832
2010-09-01,2011-02-01,5,25,243,0.102880658436214
2010-09-01,2011-03-01,6,33,243,0.13580246913580246
2010-09-01,2011-04-01,7,24,243,0.09876543209876543
2010-09-01,2011-05-01,8,31,243,0.12757201646090535
2010-09-01,2011-06-01,9,32,243,0.13168724279835392
2010-09-01,2011-07-01,10,28,243,0.11522633744855967
2010-09-01,2011-08-01,11,24,243,0.09876543209876543
2010-09-01,2011-09-01,12,53,243,0.21810699588477367
2010-09-01,2011-10-01,13,40,243,0.1646090534979424
2010-09-01,2011-11-01,14,39,243,0.16049382716049382
2010-10-01,2010-10-01,0,377,377,1.0
2010-10-01,2010-11-01,1,97,377,0.2572944297082228
2010-10-01,2010-12-01,2,55,377,0.14588859416445624
2010-10-01,2011-01-01,3,47,377,0.1246684350132626
2010-10-01,2011-02-01,4,33,377,0.08753315649867374
2010-10-01,2011-03-01,5,31,377,0.08222811671087533
2010-10-01,2011-04-01,6,49,377,0.129973474801061
2010-10-01,2011-05-01,7,52,377,0.13793103448275862
2010-10-01,2011-06-01,8,40,377,0.10610079575596817
2010-10-01,2011-07-01,9,35,377,0.09283819628647215
2010-10-01,2011-08-01,10,40,377,0.10610079575596817
2010-10-01,2011-09-01,11,49,377,0.129973474801061
2010-10-01,2011-10-01,12,72,377,0.1909814323607427
2010-10-01,2011-11-01,13,87,377,0.23076923076923078
2010-11-01,2010-11-01,0,325,325,1.0
2010-11-01,2010-12-01,1,57,325,0.1753846153846154
2010-11-01,2011-01-01,2,30,325,0.09230769230769231
2010-11-01,2011-02-01,3,31,325,0.09538461538461539
2010-11-01,2011-03-01,4,25,325,0.07692307692307693
2010-11-01,2011-04-01,5,28,325,0.08615384615384615
2010-11-01,2011-05-01,6,42,325,0.12923076923076923
2010-11-01,2011-06-01,7,32,325,0.09846153846153846
2010-11-01,2011-07-01,8,28,325,0.08615384615384615
2010-11-01,2011-08-01,9,29,325,0.08923076923076922
2010-11-01,2011-09-01,10,36,325,0.11076923076923077
2010-11-01,2011-10-01,11,47,325,0.14461538461538462
2010-11-01,2011-11-01,12,83,325,0.2553846153846154
2010-12-01,2010-12-01,0,76,76,1.0
2010-12-01,2011-01-01,1,7,76,0.09210526315789473
2010-12-01,2011-02-01,2,4,76,0.05263157894736842
2010-12-01,2011-03-01,3,7,76,0.09210526315789473
2010-12-01,2011-04-01,4,9,76,0.11842105263157894
2010-12-01,2011-05-01,5,5,76,0.06578947368421052
2010-12-01,2011-06-01,6,4,76,0.05263157894736842
2010-12-01,2011-07-01,7,7,76,0.09210526315789473
2010-12-01,2011-08-01,8,4,76,0.05263157894736842
2010-12-01,2011-09-01,9,2,76,0.02631578947368421
2010-12-01,2011-10-01,10,7,76,0.09210526315789473
2010-12-01,2011-11-01,11,15,76,0.19736842105263158
2011-01-01,2011-01-01,0,71,71,1.0
2011-01-01,2011-02-01,1,12,71,0.16901408450704225
2011-01-01,2011-03-01,2,15,71,0.2112676056338028
2011-01-01,2011-04-01,3,14,71,0.19718309859154928
2011-01-01,2011-05-01,4,15,71,0.2112676056338028
2011-01-01,2011-06-01,5,11,71,0.15492957746478872
2011-01-01,2011-07-01,6,11,71,0.15492957746478872
2011-01-01,2011-08-01,7,9,71,0.1267605633802817
2011-01-01,2011-09-01,8,8,71,0.11267605633802817
2011-01-01,2011-10-01,9,15,71,0.2112676056338028
2011-01-01,2011-11-01,10,18,71,0.2535211267605634
2011-02-01,2011-02-01,0,124,124,1.0
2011-02-01,2011-03-01,1,20,124,0.16129032258064516
2011-02-01,2011-04-01,2,19,124,0.1532258064516129
2011-02-01,2011-05-01,3,23,124,0.18548387096774194
2011-02-01,2011-06-01,4,27,124,0.21774193548387097
2011-02-01,2011-07-01,5,19,124,0.1532258064516129
2011-02-01,2011-08-01,6,19,124,0.1532258064516129
2011-02-01,2011-09-01,7,18,124,0.14516129032258066
2011-02-01,2011-10-01,8,18,124,0.14516129032258066
2011-02-01,2011-11-01,9,22,124,0.1774193548387097
2011-03-01,2011-03-01,0,179,179,1.0
2011-03-01,2011-04-01,1,33,179,0.18435754189944134
2011-03-01,2011-05-01,2,39,179,0.21787709497206703
2011-03-01,2011-06-01,3,36,179,0.2011173184357542
2011-03-01,2011-07-01,4,40,179,0.22346368715083798
2011-03-01,2011-08-01,5,27,179,0.15083798882681565
2011-03-01,2011-09-01,6,37,179,0.20670391061452514
2011-03-01,2011-10-01,7,36,179,0.2011173184357542
2011-03-01,2011-11-01,8,43,179,0.24022346368715083
2011-04-01,2011-04-01,0,106,106,1.0
2011-04-01,2011-05-01,1,27,106,0.25471698113207547
2011-04-01,2011-06-01,2,21,106,0.19811320754716982
2011-04-01,2011-07-01,3,21,106,0.19811320754716982
2011-04-01,2011-08-01,4,19,106,0.1792452830188679
2011-04-01,2011-09-01,5,25,106,0.2358490566037736
2011-04-01,2011-10-01,6,19,106,0.1792452830188679
2011-04-01,2011-11-01,7,27,106,0.25471698113207547
2011-05-01,2011-05-01,0,111,111,1.0
2011-05-01,2011-06-01,1,26,111,0.23423423423423423
2011-05-01,2011-07-01,2,27,111,0.24324324324324326
2011-05-01,2011-08-01,3,18,111,0.16216216216216217
2011-05-01,2011-09-01,4,24,111,0.21621621621621623
2011-05-01,2011-10-01,5,23,111,0.2072072072072072
2011-05-01,2011-11-01,6,29,111,0.26126126126126126
2011-06-01,2011-06-01,0,108,108,1.0
2011-06-01,2011-07-01,1,25,108,0.23148148148148148
2011-06-01,2011-08-01,2,23,108,0.21296296296296297
2011-06-01,2011-09-01,3,29,108,0.26851851851851855
2011-06-01,2011-10-01,4,22,108,0.2037037037037037
2011-06-01,2011-11-01,5,31,108,0.28703703703703703
2011-07-01,2011-07-01,0,102,102,1.0
2011-07-01,2011-08-01,1,22,102,0.21568627450980393
2011-07-01,2011-09-01,2,31,102,0.30392156862745096
2011-07-01,2011-10-01,3,28,102,0.27450980392156865
2011-07-01,2011-11-01,4,35,102,0.3431372549019608
2011-08-01,2011-08-01,0,106,106,1.0
2011-08-01,2011-09-01,1,29,106,0.27358490566037735
2011-08-01,2011-10-01,2,33,106,0.3113207547169811
2011-08-01,2011-11-01,3,28,106,0.2641509433962264
2011-09-01,2011-09-01,0,189,189,1.0
2011-09-01,2011-10-01,1,51,189,0.2698412698412698
2011-09-01,2011-11-01,2,71,189,0.37566137566137564
2011-10-01,2011-10-01,0,221,221,1.0
2011-10-01,2011-11-01,1,71,221,0.3212669683257919
2011-11-01,2011-11-01,0,191,191,1.0
