timeline,First observed Jan-Jun,First observed Jan-Jun_lower_0.95,First observed Jan-Jun_upper_0.95
0.0,1.0,1.0,1.0
77.0,0.39896945160103053,0.3805262444608977,0.4173378518221949
77.00069444444445,0.3952889216047111,0.37687926176969727,0.413632601581055
77.00138888888888,0.3927125506072873,0.3743270250026256,0.41103828305579526
77.00208333333333,0.3908722856091276,0.37250432822470547,0.40918487286507826
77.00277777777778,0.38866396761133587,0.3703174556271768,0.40696042148830663
77.00347222222223,0.38608759661391223,0.36776660706381575,0.4043647315186138
77.00416666666666,0.38424733161575236,0.36594490494672405,0.4025103387436128
77.00486111111111,0.38277511961722477,0.3644877433707237,0.4010266268613001
77.00555555555556,0.3820390136179608,0.3637592294228235,0.4002847049029708
77.00625,0.38056680161943307,0.3623023354549522,0.3988007287124475
77.00694444444444,0.3794626426205373,0.3612097823636297,0.3976876306387976
77.00763888888889,0.37872653662127326,0.36048146962865385,0.39694550995921307
77.00833333333334,0.37762237762237744,0.35938908464343977,0.3958322458699171
77.00902777777777,0.37725432462274566,0.35902497877220935,0.3954611356631102
77.00972222222222,0.3765182186234815,0.35829680075467785,0.39471888194603694
77.0125,0.3757821126242176,0.35756866774758417,0.393976583781909
77.01319444444445,0.37541405962458574,0.3572046181394978,0.39360541801618826
77.01527777777778,0.3750460066249539,0.35684057980392825,0.3932342411194396
77.01736111111111,0.37467795362532186,0.3564765527475653,0.39286305308518804
77.01944444444445,0.37430990062569,0.35611253697712547,0.392491853906934
77.02291666666666,0.37357379462642604,0.3553845393210104,0.39174942209228863
77.02916666666667,0.37320574162679426,0.355020557448899,0.39137818944276875
77.04722222222222,0.37283768862716216,0.35465658688983764,0.391006945622988
77.0513888888889,0.3724696356275303,0.35429262765067476,0.3906356906263179
77.06319444444445,0.37210158262789833,0.35392867973828457,0.3902644244461029
77.07222222222222,0.37173352962826617,0.3535647431595678,0.38989314707566175
77.075,0.3709974236290025,0.352836904030894,0.38915055873724713
77.07708333333333,0.3706293706293706,0.3524730014948724,0.38877924775578
77.09305555555555,0.3702613176297386,0.35210911032039616,0.3884079255571001
77.77708333333334,0.36989326463010663,0.3517452305145008,0.3880365921343953
77.80208333333333,0.3695252116304746,0.35138136208424825,0.38766524748082637
77.875,0.3691571586308428,0.35101750503672835,0.3872938915895282
77.90069444444444,0.3687891056312107,0.35065365937905707,0.3869225244536081
77.95694444444445,0.36842105263157876,0.35028982511837864,0.38655114606614777
78.05347222222223,0.36805299963194676,0.3499260022618641,0.3861797564202014
78.14930555555556,0.36768494663231505,0.3495621908167121,0.38580835550879694
78.17013888888889,0.36731689363268305,0.34919839079014825,0.3854369433249345
78.9173611111111,0.366948840633051,0.34883460218942636,0.3850655198615882
78.96180555555556,0.36658078763341906,0.3484708250218277,0.3846940851117049
78.9625,0.3662127346337871,0.34810705929466107,0.384322639068204
78.98958333333333,0.3658446816341553,0.3477433050152634,0.383951181723978
79.00208333333333,0.36547662863452335,0.34737956219099886,0.38357971307189204
79.02708333333334,0.36510857563489113,0.34701583082925974,0.38320823310478364
79.05277777777778,0.36474052263525947,0.3466521109374673,0.382836741815464
79.10277777777777,0.3643724696356274,0.34628840252306936,0.3824652391967153
79.16111111111111,0.3640044166359956,0.34592470559354294,0.38209372524129337
79.21388888888889,0.36363636363636365,0.34556102015639284,0.38172219994192574
79.25347222222223,0.36326831063673165,0.34519734621915227,0.38135066329131245
79.82638888888889,0.36290025763709954,0.34483368378938284,0.38097911528212564
79.99583333333334,0.3625322046374677,0.344470032874675,0.38060755590701023
80.82430555555555,0.36216415163783566,0.344106393482647,0.3802359851585821
80.925,0.3617960986382037,0.3437427656209464,0.37986440302943014
81.07986111111111,0.3614280456385718,0.3433791492972491,0.3794928095121145
81.16875,0.36105999263894,0.34301554451926014,0.3791212045991676
81.74861111111112,0.36069193963930785,0.34265195129471243,0.37874958828309274
81.99305555555556,0.36032388663967596,0.3422883696313693,0.37837796055636636
82.12569444444445,0.3599558336400442,0.3419247995370224,0.37800632141143536
82.19583333333334,0.3595877806404119,0.3415612410194917,0.37763467084071795
82.69166666666666,0.35921972764078,0.341197694086628,0.3772630088366051
82.85347222222222,0.35885167464114825,0.34083415874631035,0.37689133539145814
82.95972222222223,0.3584836216415162,0.340470635006447,0.3765196504976094
83.22361111111111,0.35811556864188426,0.3401071228749762,0.37614795414736324
83.27986111111112,0.3577475156422523,0.3397436223598656,0.3757762463329947
83.91388888888889,0.3573794626426205,0.3393801334691124,0.37540452704675004
83.93472222222222,0.35701140964298855,0.33901665621074323,0.37503279628084596
84.00208333333333,0.35664335664335656,0.33865319059281485,0.3746610540274706
84.08472222222223,0.35627530364372445,0.3382897366234138,0.37428930027878243
84.21527777777777,0.35590725064409257,0.33792629431065685,0.37391753502691133
84.89027777777778,0.35553919764446057,0.33756286366269017,0.3735457582639569
84.92777777777778,0.3551711446448288,0.33719944468769086,0.37317396998199015
84.97916666666667,0.35480309164519674,0.3368360373938653,0.3728021701730515
84.99513888888889,0.3544350386455649,0.3364726417894511,0.3724303588291526
85.07083333333334,0.35406698564593286,0.33610925788271556,0.37205853594227484
85.07708333333333,0.353698932646301,0.3357458856819569,0.3716867015043702
85.31527777777778,0.35333087964666904,0.3353825251955038,0.37131485550736054
85.98402777777778,0.35296282664703715,0.33501917643171564,0.3709429979431378
86.16875,0.352594773647405,0.33465583939898214,0.3705711288035634
86.78819444444444,0.35222672064777316,0.33429251410572475,0.3701992480804696
86.96875,0.35185866764814105,0.33392920056039477,0.36982735576565723
86.98541666666667,0.3514906146485093,0.3335658987714757,0.36945545185089784
87.02569444444444,0.35112256164887745,0.3332026087474811,0.3690835363279317
87.11180555555555,0.35075450864924523,0.332839330496956,0.3687116091884686
87.95277777777778,0.3503864556496133,0.3324760640284774,0.36833967042418864
87.95486111111111,0.35001840264998146,0.33211280935065324,0.3679677200267405
88.05277777777778,0.3496503496503496,0.33174956647212256,0.3675957579877418
88.26041666666667,0.3492822966507177,0.3313863354015566,0.3672237842987798
88.91527777777777,0.3489142436510855,0.33102311614765767,0.3668517989514102
88.95347222222222,0.34854619065145365,0.33065990871916096,0.3664798019371587
88.97361111111111,0.34817813765182165,0.33029671312483216,0.36610779324751863
89.76666666666667,0.3478100846521899,0.3299335293734702,0.365735772873953
90.03819444444444,0.3474420316525577,0.3295703574739046,0.3653637408078923
90.85347222222222,0.34707397865292594,0.3292071974349988,0.3649916970407371
91.01527777777778,0.34670592565329394,0.3288440492656471,0.36461964156385507
91.01666666666667,0.3459698196540301,0.3281177885713476,0.3638754954462259
91.03125,0.3456017666543981,0.3277546760643516,0.3635034047880564
91.09027777777777,0.34523371365476613,0.3273915754628137,0.36313130238531566
91.10625,0.34486566065513413,0.3270284867757917,0.3627591882292129
91.13194444444444,0.34449760765550214,0.32666541001237587,0.3623870623109247
92.01458333333333,0.3441295546558704,0.3263023451816901,0.3620149246215964
92.11458333333333,0.3437615016562385,0.32593929229289037,0.36164277515233956
92.78680555555556,0.3433934486566065,0.32557625135516655,0.36127061389423437
92.92083333333333,0.3430253956569744,0.32521322237774164,0.36089844083832817
92.97222222222223,0.34265734265734255,0.32485020536987236,0.3605262559756359
93.03333333333333,0.3422892896577105,0.32448720034084794,0.36015405929713934
93.08333333333333,0.3419212366580785,0.32412420729999225,0.3597818507937879
93.89652777777778,0.3415531836584467,0.3237612262566624,0.3594096304564978
93.95208333333333,0.3411851306588147,0.32339825722024906,0.359037398276152
93.98819444444445,0.34081707765918284,0.32303530020017734,0.3586651542436009
94.03333333333333,0.34044902465955074,0.32267235520590576,0.3582928983496608
94.04722222222222,0.34008097165991885,0.32230942224692766,0.35792063058511575
94.06041666666667,0.3397129186602868,0.32194650133276986,0.3575483509407154
94.07013888888889,0.3393448656606551,0.3215835924729944,0.3571760594071765
94.09861111111111,0.3389768126610231,0.3212206956771967,0.35680375597518144
94.81666666666666,0.33860875966139126,0.3208578109550077,0.3564314406353795
94.95555555555555,0.3382407066617591,0.3204949383160922,0.3560591133783855
94.9798611111111,0.3378726536621273,0.32013207777015074,0.3556867741947809
94.99930555555555,0.3375046006624952,0.3197692293269176,0.35531442307511224
95.80416666666666,0.33713654766286316,0.3194063929961631,0.35494206000989287
95.85902777777778,0.3367684946632313,0.31904356878769213,0.354569684989601
96.14027777777778,0.3364004416635993,0.31868075671134494,0.35419729800468075
96.22152777777778,0.33603238866396734,0.318317956776997,0.35382489904554154
96.8013888888889,0.3356643356643354,0.3179551689945594,0.3534524881025583
96.825,0.33529628266470357,0.3175923933739788,0.35308006516607127
96.97222222222223,0.33492822966507163,0.31722962992523746,0.3527076302263854
97.05069444444445,0.3345601766654397,0.3168668786583534,0.35233518327377106
97.17083333333333,0.3341921236658079,0.31650413958338086,0.35196272429846337
97.80208333333333,0.33382407066617564,0.3161414127104093,0.35159025329066185
97.88402777777777,0.333456017666544,0.3157786980495659,0.351217770240532
97.94791666666667,0.33308796466691176,0.3154159956110122,0.35084527513820174
98.03194444444445,0.3327199116672798,0.3150533054049478,0.35047276797376553
98.05555555555556,0.332351858667648,0.31469062744160803,0.35010024873728113
98.07777777777778,0.33198380566801616,0.31432796173126476,0.3497277174187704
98.09444444444445,0.33161575266838406,0.31396530828422653,0.3493551740082191
98.22916666666667,0.3312476996687522,0.3136026671108398,0.3489826184955781
98.96458333333334,0.3308796466691201,0.31324003822148644,0.34861005087076075
98.96597222222222,0.3305115936694884,0.31287742162658705,0.3482374711236454
98.97916666666667,0.3301435406698563,0.312514817336598,0.3478648792440724
99.01180555555555,0.32977548767022435,0.31215222536201437,0.3474922752218472
99.01805555555555,0.32940743467059247,0.31178964571336787,0.34711965904673786
99.04305555555555,0.32903938167096036,0.3114270784012279,0.3467470307084753
99.05625,0.3286713286713284,0.3110645234362022,0.34637439019675453
99.15277777777777,0.3283032756716967,0.3107019808289361,0.3460017375012329
99.95486111111111,0.32793522267206454,0.3103394505901121,0.34562907261153025
99.975,0.3275671696724327,0.30997693273045246,0.3452563955172303
100.11875,0.32719911667280077,0.3096144272607163,0.34488370620787834
100.64861111111111,0.32683106367316883,0.3092519341917018,0.34451100467298246
100.8548611111111,0.3264630106735368,0.30888945353424563,0.34413829090201326
100.96666666666667,0.32609495767390495,0.3085269852992231,0.34376556488440385
100.98819444444445,0.3257269046742729,0.30816452949754797,0.34339282660954856
101.05902777777777,0.32535885167464096,0.30780208614017357,0.34302007606680457
101.09791666666666,0.32499079867500896,0.3074396552380917,0.3426473132454903
101.13541666666667,0.3246227456753772,0.30707723680233384,0.34227453813488656
101.71180555555556,0.3242546926757453,0.30671483084397033,0.34190175072423495
101.7923611111111,0.32388663967611314,0.30635243737411105,0.34152895100273867
101.90138888888889,0.3235185866764812,0.305990056403906,0.34115613895956304
101.94305555555556,0.3231505336768494,0.3056276879445444,0.3407833145838339
102.12569444444445,0.3227824806772174,0.30526533200725536,0.3404104778646377
102.1763888888889,0.32241442767758555,0.3049029886033085,0.34003762879102284
102.8375,0.3220463746779534,0.30454065774401257,0.3396647673519975
103.02361111111111,0.3216783216783215,0.3041783394407181,0.33929189353653155
103.02638888888889,0.3213102686786895,0.30381603370481475,0.3389190073335545
103.06319444444445,0.3209422156790577,0.30345374054773344,0.33854610873195673
103.10138888888889,0.32057416267942573,0.30309145998094555,0.33817319772058835
103.88819444444445,0.32020610967979385,0.3027291920159633,0.33780027428826004
103.94027777777778,0.31983805668016185,0.30236693666434017,0.3374273384237422
104.01805555555555,0.31947000368052997,0.30200469393767065,0.33705439011576527
104.05,0.3191019506808978,0.30164246384759025,0.33668142935301865
104.06180555555555,0.318733897681266,0.30128024640577666,0.33630845612415244
104.18263888888889,0.3183658446816339,0.30091804162394825,0.3359354704177751
104.88194444444444,0.317997791682002,0.3005558495138658,0.33556247222245494
104.88819444444445,0.3176297386823701,0.3001936700873319,0.335189461526719
104.96597222222222,0.3172616856827381,0.29983150335619074,0.3348164383190533
105.06805555555556,0.31689363268310616,0.2994693493323292,0.33444340258790284
105.07291666666667,0.3165255796834742,0.2991072080276762,0.33407035432167137
105.08888888888889,0.3161575266838422,0.29874507945420314,0.3336972935087206
105.13402777777777,0.31578947368421045,0.2983829636239246,0.33332422013737145
105.17777777777778,0.3154214206845785,0.2980208605488971,0.33295113419590217
105.21319444444444,0.31505336768494646,0.2976587702412205,0.33257803567254945
105.24513888888889,0.31468531468531447,0.29729669271303805,0.33220492455550804
105.67152777777778,0.31431726168568275,0.29693462797653625,0.3318318008329307
105.81944444444444,0.31394920868605075,0.29657257604394427,0.33145866449292666
105.91944444444445,0.3135811556864186,0.2962105369275355,0.3310855155235636
105.96111111111111,0.31321310268678687,0.29584851063962747,0.33071235391286674
106.01388888888889,0.312845049687155,0.29548649719258063,0.33033917964881737
106.11736111111111,0.312476996687523,0.2951244965987999,0.32996599271935445
106.96180555555556,0.31210894368789094,0.29476250887073463,0.32959279311237355
106.97361111111111,0.3117408906882591,0.29440053402087857,0.32921958081572744
107.00625,0.31137283768862695,0.29403857206176937,0.3288463558172243
107.09930555555556,0.3110047846889951,0.2936766230059905,0.32847311810463015
107.17222222222222,0.31063673168936323,0.2933146868661693,0.32809986766566585
107.2388888888889,0.3102686786897312,0.29295276365497835,0.3277266044880087
107.7875,0.3099006256900992,0.2925908533851358,0.3273533285592923
107.83680555555556,0.30953257269046736,0.29222895606940524,0.3269800398671057
107.91666666666667,0.30916451969083536,0.29186707172059506,0.3266067383989931
107.97013888888888,0.3087964666912033,0.2915052003515601,0.3262334241424545
108.02291666666666,0.3084284136915714,0.29114334197520086,0.3258600970849453
108.03263888888888,0.30806036069193954,0.29078149660446384,0.32548675721387543
108.03888888888889,0.3076923076923076,0.2904196642523417,0.3251134045166099
108.8013888888889,0.3073242546926755,0.2900578449318735,0.32474003898046827
108.80833333333334,0.3069562016930437,0.28969603865614535,0.32436666059272545
108.96111111111111,0.30658814869341183,0.28933424543828945,0.3239932693406095
108.98680555555555,0.30622009569377984,0.28897246529148507,0.3236198652113033
109.12430555555555,0.30585204269414795,0.288610698228959,0.323246448191944
109.7625,0.3054839896945158,0.2882489442639847,0.32287301826962184
109.86041666666667,0.305115936694884,0.28788720340988383,0.3224995754313819
109.90277777777777,0.30474788369525196,0.28752547568002496,0.3221261196642214
110.05694444444444,0.30437983069562,0.2871637610878249,0.3217526509550919
110.20277777777778,0.304011777695988,0.2868020596467483,0.3213791692908977
110.75694444444444,0.3036437246963561,0.2864403713703083,0.32100567465849617
110.9798611111111,0.3032756716967243,0.28607869627206606,0.3206321670446975
110.9888888888889,0.30290761869709226,0.28571703436563106,0.32025864643626395
111.03472222222223,0.3025395656974602,0.28535538566466223,0.319885112819911
111.13333333333334,0.30217151269782827,0.284993750182867,0.3195115661823062
111.17152777777778,0.3018034596981963,0.284632127934002,0.31913800651006874
111.31944444444444,0.30143540669856456,0.28427051893187344,0.3187644337897704
111.86527777777778,0.3010673536989324,0.28390892319033595,0.3183908480079334
111.88333333333334,0.3006993006993007,0.2835473407232955,0.3180172491510332
111.89236111111111,0.3003312476996686,0.28318577154470653,0.3176436372054948
111.9173611111111,0.29996319470003674,0.2828242156685745,0.31727001215769585
111.92569444444445,0.29959514170040463,0.2824626731089544,0.3168963739939638
111.94305555555556,0.2992270887007727,0.2821011438799522,0.3165227227005777
111.95555555555555,0.298490982701509,0.28137812547047886,0.3157753806697105
111.95833333333333,0.29812292970187687,0.28101663631847296,0.3154016899045384
111.97777777777777,0.2977548767022449,0.280655160554017,0.3150279859543306
111.99027777777778,0.29738682370261293,0.28029369819147204,0.31465426880511654
112.03819444444444,0.2970187707029812,0.279932249245251,0.31428053844287557
112.05763888888889,0.29665071770334905,0.27957081372981807,0.3139067948535356
112.06319444444445,0.2962826647037173,0.27920939165969066,0.31353303802297505
112.0826388888889,0.29591461170408534,0.27884798304943725,0.31315926793702
112.16875,0.2955465587044533,0.27848658791367953,0.31278548458144617
112.82916666666667,0.29517850570482146,0.27812520626709186,0.31241168794197777
112.88402777777777,0.2948104527051896,0.2777638381244012,0.3120378780042869
113.00277777777778,0.2944423997055574,0.2774024835003876,0.31166405475399417
113.11180555555555,0.2940743467059255,0.2770411424098851,0.3112902181766685
113.83680555555556,0.2937062937062937,0.2766798148677806,0.31091636825782615
113.96666666666667,0.2933382407066617,0.27631850088901483,0.3105425049829307
113.98055555555555,0.2929701877070297,0.27595720048858274,0.3101686283373935
114.01597222222222,0.2926021347073978,0.2755959136815334,0.30979473830657306
114.02291666666666,0.29223408170776594,0.27523464048297036,0.30942083487577454
114.10277777777777,0.2918660287081338,0.27487338090805125,0.3090469180302496
114.23402777777778,0.29149797570850194,0.2745121349719897,0.3086729877551973
114.86180555555555,0.29112992270887006,0.27415090269005316,0.308299044035762
114.87708333333333,0.29076186970923806,0.273789684077565,0.30792508685703446
114.93958333333333,0.29039381670960596,0.273428479149904,0.3075511162040512
114.99583333333334,0.2900257637099742,0.2730672879225051,0.3071771320617951
115.02916666666667,0.28965771071034213,0.27270611041085846,0.30680313441519297
115.08541666666666,0.28928965771071025,0.2723449466305109,0.30642912324911825
115.72152777777778,0.2889216047110782,0.2719837965970656,0.30605509854838825
116.00138888888888,0.28855355171144625,0.27162266032618243,0.30568106029776576
116.0125,0.2881854987118143,0.27126153783357804,0.30530700848195763
116.06180555555555,0.2878174457121825,0.27090042913502643,0.30493294308561536
116.81875,0.28744939271255054,0.2705393342463587,0.3045588640933338
116.99236111111111,0.2870813397129186,0.2701782531834636,0.30418477148965245
117.04722222222222,0.2867132867132866,0.2698171859622878,0.30381066525905376
117.18888888888888,0.28634523371365456,0.2694561325988362,0.3034365453859638
117.79583333333333,0.28597718071402267,0.2690950931091718,0.303062411854752
117.83125,0.28560912771439084,0.2687340675094163,0.3026882646497303
117.91875,0.2852410747147589,0.26837305581574994,0.30231410375515316
117.94166666666666,0.28487302171512696,0.26801205804441236,0.3019399291552177
118.02152777777778,0.284504968715495,0.2676510742117022,0.3015657408340634
118.02777777777777,0.284136915715863,0.2672901043339778,0.30119153877577115
118.03333333333333,0.283768862716231,0.2669291484276573,0.30081732296436375
118.06319444444445,0.283400809716599,0.266568206509219,0.30044309338380587
118.12916666666666,0.28303275671696726,0.2662072785952015,0.30006885001800293
118.26388888888889,0.2826647037173352,0.2658463647022034,0.29969459285080086
118.75138888888888,0.2822966507177032,0.2654854648468846,0.2993203218659871
118.7701388888889,0.2819285977180712,0.26512457904596626,0.29894603704728934
118.91041666666666,0.28156054471843933,0.2647637073162305,0.2985717383783751
118.95069444444445,0.28119249171880745,0.26440284967452116,0.2981974258428522
118.96666666666667,0.28082443871917545,0.2640420061377436,0.2978230994242677
118.98263888888889,0.2804563857195436,0.26368117672286606,0.2974487591061089
119.01944444444445,0.2800883327199116,0.2633203614469183,0.2970744048718013
119.025,0.2797202797202797,0.26295956032699314,0.29670003670471007
119.02708333333334,0.2793522267206478,0.26259877338024645,0.2963256545881387
119.08819444444444,0.27898417372101575,0.26223800062389674,0.29595125850532894
119.18819444444445,0.2786161207213837,0.2618772420752266,0.2955768484394609
119.81041666666667,0.2782480677217519,0.26151649775158226,0.2952024243736529
119.93402777777777,0.27788001472211993,0.26115576767037324,0.29482798629095985
119.93819444444445,0.277511961722488,0.26079505184907426,0.2944535341743749
120.02638888888889,0.27714390872285594,0.2604343503052238,0.29407906800682787
120.04027777777777,0.2767758557232241,0.26007366305642593,0.29370458777118563
120.08055555555555,0.276407802723592,0.259712990120349,0.29333009345025096
120.15069444444444,0.2760397497239601,0.25935233151472764,0.2929555850267637
120.16597222222222,0.2756716967243281,0.2589916872573613,0.29258106248339905
120.21458333333334,0.27530364372469635,0.25863105736611625,0.29220652580276824
120.8,0.27493559072506435,0.25827044185892406,0.2918319749674173
120.88055555555556,0.27456753772543224,0.25790984075378354,0.2914574099598281
120.91597222222222,0.27419948472580047,0.2575492540687604,0.29108283076241737
120.97708333333334,0.27383143172616836,0.25718868182198673,0.2907082373575355
121.00972222222222,0.27346337872653653,0.25682812403166294,0.2903336297274682
121.02222222222223,0.27309532572690454,0.2564675807160565,0.2899590078544343
121.06666666666666,0.27272727272727254,0.2561070518935032,0.289584371720587
121.09652777777778,0.2723592197276406,0.2557465375824072,0.2892097213080124
121.10347222222222,0.2716231137283768,0.25502555256854625,0.28846037757469223
121.21527777777777,0.2712550607287448,0.25466508190293363,0.28808568421778324
121.25486111111111,0.270887007729113,0.25430462582308383,0.2877109765098205
121.74861111111112,0.2705189547294809,0.2539441843477465,0.2873362544325523
121.88472222222222,0.2701509017298489,0.25358375749574247,0.28696151796765934
121.94236111111111,0.269782848730217,0.2532233452859625,0.28658676709675346
121.98402777777778,0.269414795730585,0.252862947737368,0.2862120018013772
121.98611111111111,0.269046742730953,0.25250256486899186,0.2858372220630038
122.04166666666667,0.2686786897313212,0.2521421966999383,0.28546242786303744
122.12986111111111,0.2683106367316893,0.251781843249383,0.28508761918281156
122.65972222222223,0.2679425837320573,0.2514215045365739,0.2847127960035898
122.75138888888888,0.2675745307324253,0.2510611805808316,0.28433795830656516
122.99722222222222,0.2672064777327934,0.2507008714015489,0.2839631060728598
123.00833333333334,0.26683842473316144,0.2503405770181922,0.28358823928352467
123.15694444444445,0.26647037173352944,0.24998029745030073,0.28321335791953883
123.74791666666667,0.2661023187338976,0.24962003271748806,0.28283846196181023
123.91875,0.26573426573426556,0.24925978283944109,0.2824635513911737
123.9875,0.26536621273463373,0.24889954783592194,0.28208862618839253
124.00416666666666,0.2649981597350018,0.24853932772676657,0.2817136863341563
124.11736111111111,0.26463010673536985,0.24817912253188665,0.28133873180908187
124.22083333333333,0.2642620537357378,0.24781893227126892,0.2809637625937124
124.73611111111111,0.26389400073610586,0.24745875696497635,0.2805887786685176
124.77361111111111,0.263525947736474,0.24709859663314757,0.2802137800138927
124.94097222222223,0.263157894736842,0.24673845129599764,0.27983876661015805
124.94791666666667,0.26278984173721,0.24637832097381882,0.27946373843755984
124.975,0.2624217887375781,0.24601820568698032,0.27908869547626863
124.98819444444445,0.26205373573794616,0.24565810545592873,0.2787136377063794
124.99513888888889,0.26168568273831416,0.24529802030118875,0.2783385651079113
125.03263888888888,0.26131762973868233,0.24493795024336337,0.2779634776608073
125.06458333333333,0.26094957673905034,0.24457789530313384,0.2775883753449335
125.09652777777778,0.26058152373941834,0.24421785550126088,0.27721325814007935
125.18680555555555,0.2602134707397865,0.2438578308585843,0.2768381260259569
125.79444444444445,0.25984541774015446,0.2434978213960234,0.2764629789822
125.9263888888889,0.25947736474052263,0.24313782713457815,0.27608781698836543
125.93888888888888,0.2587412587412587,0.2424178842994352,0.27533744806829424
125.99791666666667,0.25837320574162664,0.24205793576814066,0.2749622411007766
126.00208333333333,0.25800515274199476,0.2416980025227689,0.274587019100618
126.05972222222222,0.2576370997423627,0.24133808458472533,0.27421178204697855
126.06180555555555,0.2572690467427308,0.24097818197549847,0.27383652991893853
126.07013888888889,0.2569009937430989,0.24061829471665908,0.27346126269549736
126.08819444444444,0.256532940743467,0.24025842282986143,0.27308598035557335
126.12361111111112,0.25616488774383506,0.2398985663368431,0.2727106828780034
126.78263888888888,0.25579683474420306,0.23953872525942574,0.27233537024154253
126.86111111111111,0.2554287817445712,0.23917889961951566,0.271960042424864
127.01388888888889,0.2550607287449392,0.23881908943910335,0.2715846994065577
127.01527777777778,0.25469267574530713,0.23845929474026495,0.27120934116513107
127.02430555555556,0.25432462274567535,0.23809951554516223,0.27083396767900836
127.82152777777777,0.25395656974604325,0.23773975187604227,0.2704585789265291
127.86597222222223,0.2535885167464114,0.23738000375523965,0.27008317488594963
127.88958333333333,0.2532204637467794,0.23702027120517474,0.26970775553544096
128.02569444444444,0.2528524107471474,0.23666055424835578,0.26933232085308956
128.0534722222222,0.25248435774751543,0.23630085290737848,0.26895687081689623
128.07986111111111,0.25211630474788366,0.2359411672049268,0.26858140540477626
128.18680555555557,0.2517482517482516,0.23558149716377277,0.2682059245945578
128.86805555555554,0.2513801987486197,0.23522184280677808,0.2678304283639836
128.92916666666667,0.25101214574898784,0.23486220415689327,0.2674549166907083
128.95138888888889,0.25064409274935573,0.23450258123715859,0.2670793895522993
128.97569444444446,0.2502760397497238,0.23414297407070522,0.26670384692623644
129.04444444444445,0.24990798675009196,0.2337833826807547,0.26632828878991094
129.06458333333333,0.2495399337504599,0.23342380709061922,0.2659527151206248
129.09305555555557,0.24917188075082802,0.2330642473237035,0.26557712589559146
129.1965277777778,0.2488038277511961,0.23270470340350363,0.2652015210919342
129.8138888888889,0.2484357747515642,0.23234517535360832,0.2648259006866864
129.90277777777777,0.24806772175193217,0.2319856631976994,0.2644502646567906
129.9611111111111,0.24769966875230026,0.2316261669595522,0.2640746129790988
129.97152777777777,0.2473316157526683,0.23126668666303565,0.26369894563037116
130.05069444444445,0.2469635627530364,0.2309072223321133,0.26332326258727606
130.0951388888889,0.24659550975340436,0.2305477739908432,0.2629475638263893
130.85625,0.24622745675377256,0.23018834166337918,0.26257184932419436
130.89375,0.24585940375414042,0.22982892537397012,0.2621961190570805
130.93333333333334,0.24549135075450848,0.22946952514696206,0.2618203730013444
130.9909722222222,0.24512329775487665,0.22911014100679725,0.2614446111331878
130.99166666666667,0.24475524475524468,0.22875077297801485,0.26106883342871745
131.0236111111111,0.24438719175561266,0.22839142108525226,0.2606930398639455
131.03125,0.24401913875598075,0.2280320853532451,0.26031723041478844
131.8173611111111,0.24365108575634883,0.22767276580682733,0.2599414050570662
131.9638888888889,0.24328303275671678,0.22731346247093204,0.2595655637665023
132.05208333333334,0.2429149797570849,0.2269541753705927,0.2591897065187235
132.14166666666668,0.24254692675745296,0.2265949045309422,0.2588138332892582
132.63472222222222,0.24217887375782104,0.22623564997721454,0.25843794405353737
132.80555555555554,0.241810820758189,0.22587641173474468,0.2580620387868928
132.91458333333333,0.24144276775855705,0.22551718982896984,0.25768611746455805
132.92152777777778,0.24107471475892514,0.225157984285429,0.2573101800616663
132.9423611111111,0.24070666175929328,0.22479879512976406,0.2569342265532507
132.94861111111112,0.2403386087596613,0.2244396223877202,0.256558256914244
132.9986111111111,0.2399705557600294,0.22408046608514656,0.25618227111947794
133.00347222222223,0.23960250276039732,0.2237213262479964,0.25580626914368204
133.02083333333334,0.23923444976076544,0.22336220290232842,0.25543025096148436
133.07291666666666,0.2388663967611336,0.2230030960743063,0.2550542165474099
133.12430555555557,0.2384983437615015,0.2226440057901995,0.25467816587587994
133.85069444444446,0.2381302907618697,0.22228493207638494,0.2543020989212132
133.86180555555555,0.23776223776223768,0.22192587495934554,0.25392601565762263
133.89930555555554,0.2373941847626057,0.2215668344656727,0.2535499160592175
133.9388888888889,0.23702613176297385,0.2212078106220658,0.25317380010000123
134.06458333333333,0.23665807876334177,0.2208488034553325,0.2527976677538711
134.07222222222222,0.2362900257637099,0.2204898129923908,0.25242151899461834
134.1159722222222,0.2359219727640779,0.2201308392602677,0.2520453537959267
134.125,0.23555391976444595,0.21977188228610126,0.2516691721313727
134.23680555555555,0.23518586676481398,0.2194129420971403,0.2512929739744243
134.8673611111111,0.23481781376518207,0.2190540187207455,0.2509167592984411
134.99652777777777,0.23444976076555013,0.21869511218438972,0.25054052807667304
135.00625,0.23408170776591825,0.21833622251565868,0.25016428028226056
135.03333333333333,0.23371365476628628,0.2179773497422514,0.24978801588823318
135.75833333333333,0.23334560176665425,0.21761849389198107,0.2494117348675096
135.8,0.23297754876702226,0.21725965499277564,0.24903543719289692
135.87777777777777,0.23260949576739048,0.2169008330726783,0.24865912283709016
135.89444444444445,0.23224144276775838,0.21654202815984763,0.2482827917726708
135.9326388888889,0.23187338976812655,0.21618324028255953,0.24790644397210784
135.94097222222223,0.2315053367684947,0.2158244694692063,0.24753007940775562
135.95138888888889,0.23113728376886258,0.21546571574829806,0.2471536980518537
135.9986111111111,0.23076923076923073,0.21510697914846397,0.2467772998765272
136.00972222222222,0.2304011777695987,0.21474825969845118,0.24640088485378434
136.02430555555554,0.2300331247699667,0.21438955742712737,0.24602445295551761
136.11111111111111,0.2296650717703349,0.2140308723634802,0.24564800415350216
136.83680555555554,0.22929701877070288,0.21367220453661784,0.245271538419395
136.84791666666666,0.2289289657710709,0.21331355397577073,0.24489505572473516
136.98819444444445,0.228560912771439,0.2129549207102913,0.24451855604094266
137.05069444444445,0.22819285977180714,0.21259630476965483,0.24414203933931766
137.63680555555555,0.22782480677217512,0.2122377061834601,0.2437655055910398
137.79652777777778,0.22745675377254307,0.21187912498143038,0.243388954767168
137.81805555555556,0.22708870077291127,0.21152056119341406,0.24301238683863982
137.8513888888889,0.2267206477732792,0.2111620148493844,0.2426358017762697
137.93819444444443,0.22635259477364725,0.2108034859794419,0.2422591995507499
137.97708333333333,0.22598454177401534,0.21044497461381345,0.24188258013264863
138.01041666666666,0.22561648877438348,0.2100864807828539,0.2415059434924098
138.03125,0.22524843577475148,0.2097280045170463,0.2411292896003523
138.20555555555555,0.2248803827751196,0.2093695458470031,0.24075261842666934
138.76388888888889,0.22451232977548766,0.20901110480346635,0.24037592994142776
138.77708333333334,0.22414427677585566,0.20865268141730872,0.23999922411456726
138.81527777777777,0.22377622377622375,0.20829427571953435,0.2396225009158997
138.82638888888889,0.22340817077659175,0.20793588774127905,0.23924576031510858
138.93055555555554,0.22304011777695973,0.2075775175138115,0.23886900228174798
138.95069444444445,0.22267206477732793,0.20721916506853427,0.2384922267852424
139.07083333333333,0.22230401177769593,0.20686083043698333,0.23811543379488492
139.26805555555555,0.22193595877806402,0.20650251365083042,0.23773862327983808
139.83194444444445,0.22156790577843197,0.20614421474188235,0.23736179520913162
139.86875,0.22119985277880005,0.20578593374208312,0.2369849495516629
139.87083333333334,0.22083179977916811,0.20542767068351356,0.23660808627619534
139.89513888888888,0.22046374677953615,0.2050694255983925,0.236231205351358
139.90625,0.22009569377990415,0.20471119851907782,0.23585430674564486
139.91319444444446,0.21972764078027232,0.20435298947806707,0.23547739042741436
139.9326388888889,0.21935958778064038,0.20399479850799784,0.23510045636488747
139.9763888888889,0.21899153478100847,0.20363662564164922,0.23472350452614837
140.01180555555555,0.2186234817813765,0.20327847091194215,0.23434653487914275
140.0361111111111,0.21825542878174456,0.20292033435194057,0.23396954739167738
140.0701388888889,0.2178873757821125,0.20256221599485177,0.233592542031419
140.07361111111112,0.21751932278248065,0.20220411587402795,0.2332155187658944
140.10069444444446,0.21715126978284857,0.20184603402296586,0.2328384775624879
140.73958333333334,0.21678321678321666,0.2014879704753093,0.23246141838844273
140.7902777777778,0.21641516378358475,0.20112992526484824,0.23208434121085825
140.8034722222222,0.2160471107839529,0.2007718984255209,0.2317072459966904
140.87569444444443,0.21567905778432075,0.20041388999141369,0.23133013271274996
140.89375,0.21531100478468898,0.2000558999967634,0.2309530013257031
140.89583333333334,0.21494295178505698,0.1996979284759561,0.23057585180206847
140.90208333333334,0.214574898785425,0.19933997546352997,0.2301986841082182
140.91319444444446,0.21420684578579316,0.19898204099417516,0.22982149821037648
141.0222222222222,0.21383879278616105,0.19862412510273428,0.22944429407461778
141.20138888888889,0.21347073978652917,0.1982662278242049,0.22906707166686782
141.24930555555557,0.2131026867868973,0.19790834919373848,0.22868983095290088
141.94027777777777,0.21273463378726534,0.19755048924664256,0.22831257189833973
141.98263888888889,0.2123665807876334,0.19719264801838143,0.22793529446865501
142.02013888888888,0.21199852778800146,0.19683482554457676,0.2275579986291639
142.0326388888889,0.2116304747883695,0.19647702186100885,0.2271806843450292
142.05277777777778,0.21126242178873758,0.1961192370036174,0.22680335158125878
142.81875,0.2108943687891056,0.19576147100850244,0.2264260003027041
142.91319444444446,0.2105263157894736,0.19540372391192523,0.22604863047405982
143.02013888888888,0.2101582627898417,0.19504599575030976,0.22567124205986297
143.0263888888889,0.2097902097902098,0.1946882865602427,0.22529383502449116
143.0701388888889,0.20942215679057774,0.19433059637847522,0.22491640933216242
143.11111111111111,0.20905410379094588,0.19397292524192386,0.22453896494693432
143.15416666666667,0.2086860507913138,0.1936152731876709,0.22416150183270192
143.9451388888889,0.20831799779168195,0.1932576402529665,0.22378401995319866
144.0625,0.20794994479205006,0.19290002647522833,0.2234065192719934
144.1263888888889,0.2075818917924181,0.19254243189204354,0.2230289997524906
144.81041666666667,0.20721383879278613,0.1921848565411696,0.22265146135792926
144.9076388888889,0.20684578579315407,0.1918273004605351,0.2222739040513815
144.91805555555555,0.2064777327935221,0.19146976368824115,0.2218963277957522
145.04444444444445,0.2061096797938902,0.19111224626256199,0.2215187325537771
145.04861111111111,0.20574162679425828,0.19075474822194632,0.22114111828802246
145.1263888888889,0.2053735737946263,0.19039726960501824,0.22076348496088372
145.7111111111111,0.20500552079499446,0.19003981045057855,0.22038583253458469
145.98958333333334,0.20463746779536243,0.1896823707976053,0.22000816097117615
146.03125,0.2042694147957305,0.1893249506852558,0.21963047023253537
146.0548611111111,0.20390136179609858,0.18896755015286665,0.21925276028036436
146.14166666666668,0.20353330879646664,0.18861016923995558,0.21887503107618927
146.2201388888889,0.20316525579683462,0.18825280798622226,0.21849728258135898
146.2590277777778,0.20279720279720279,0.1878954664315497,0.21811951475704475
146.7111111111111,0.20242914979757068,0.1875381446160046,0.21774172756423754
146.85972222222222,0.2020610967979388,0.18718084257983997,0.2173639209637491
146.89027777777778,0.20169304379830694,0.18682356036349465,0.2169860949162089
146.90902777777777,0.2013249907986749,0.1864662980075954,0.21660824938206386
146.9326388888889,0.200956937799043,0.18610905555295798,0.2162303843215774
146.94097222222223,0.200588884799411,0.18575183304058815,0.21585249969482773
146.96666666666667,0.200220831799779,0.1853946305116829,0.21547459546170725
146.97152777777777,0.1998527788001471,0.1850374480076318,0.21509667158192103
146.97430555555556,0.19948472580051524,0.1846802855700181,0.2147187280149858
147.00347222222223,0.19874861980125139,0.1839660210614107,0.21396278165678503
147.0298611111111,0.19838056680161945,0.18360891907456273,0.21358477878360013
147.03402777777777,0.19801251380198742,0.18325183732244585,0.21320675605942474
147.0402777777778,0.1976444608023555,0.18289477584763023,0.21282871344281556
147.04652777777778,0.1972764078027235,0.1825377346928868,0.21245065089213347
147.06180555555557,0.19690835480309152,0.18218071390118928,0.21207256836554256
147.14166666666668,0.19654030180345966,0.18182371351571486,0.21169446582100895
147.93125,0.1961722488038276,0.18146673357984572,0.2113163432162988
147.98263888888889,0.19580419580419575,0.18110977413717066,0.2109382005089783
147.99583333333334,0.19543614280456378,0.18075283523148572,0.21056003765641093
148.00833333333333,0.19506808980493182,0.18039591690679618,0.21018185461575745
148.10416666666666,0.19470003680529988,0.1800390192073177,0.20980365134397366
148.12916666666666,0.19433198380566793,0.17968214217747738,0.20942542779780976
148.91458333333333,0.19396393080603602,0.17932528586191565,0.20904718393380847
148.98055555555555,0.1935958778064041,0.17896845030548722,0.20866891970830406
148.99027777777778,0.19322782480677206,0.17861163555326257,0.20829063507742074
149.03125,0.19285977180714012,0.17825484165052968,0.2079123299970716
149.06597222222223,0.19249171880750826,0.17789806864279506,0.20753400442295714
149.07916666666668,0.19212366580787635,0.17754131657578504,0.20715565831056337
149.12291666666667,0.19175561280824432,0.17718458549544777,0.2067772916151611
149.1340277777778,0.19138755980861236,0.17682787544795447,0.2063989042918045
149.17638888888888,0.1910195068089804,0.17647118647970048,0.2060204962953291
149.18402777777777,0.19065145380934842,0.17611451863730732,0.20564206758035095
149.85486111111112,0.19028340080971654,0.1757578719676239,0.20526361810126478
149.87569444444443,0.1899153478100846,0.17540124651772784,0.20488514781224265
149.90833333333333,0.18954729481045268,0.17504464233492753,0.20450665666723267
149.93680555555557,0.18917924181082077,0.1746880594667629,0.20412814461995715
149.97222222222223,0.18881118881118872,0.17433149796100772,0.20374961162391145
149.99930555555557,0.18844313581155678,0.17397495786567088,0.20337105763236235
150.11875,0.18807508281192484,0.17361843922899767,0.20299248259834649
150.14375,0.18770702981229284,0.17326194209947166,0.2026138864746686
150.15347222222223,0.1873389768126609,0.17290546652581645,0.20223526921390064
150.20208333333332,0.18697092381302902,0.17254901255699678,0.20185663076837948
150.80277777777778,0.18660287081339713,0.17219258024222067,0.20147797109020552
150.92013888888889,0.18623481781376514,0.17183616963094064,0.20109929013124136
151.0326388888889,0.18586676481413322,0.17147978077285583,0.20072058784311017
151.05416666666667,0.18549871181450125,0.17112341371791323,0.2003418641771937
151.17916666666667,0.1851306588148693,0.17076706851630957,0.199963119084631
151.80555555555554,0.18476260581523726,0.17041074521849295,0.19958435251631654
151.82361111111112,0.18439455281560532,0.17005444387516486,0.19920556442289888
151.9,0.18402649981597338,0.16969816453728137,0.1988267547547785
152.0222222222222,0.1836584468163415,0.16934190725605527,0.19844792346210657
152.95625,0.1832903938167095,0.16898567208295753,0.19806907049478278
152.97222222222223,0.18292234081707762,0.16862945906971968,0.19769019580245417
153.0,0.1825542878174457,0.16827326826833475,0.19731129933451286
153.24930555555557,0.1821862348178137,0.1679170997310597,0.19693238104009456
153.9298611111111,0.18181818181818182,0.1675609535104173,0.19655344086807705
153.9611111111111,0.18145012881854977,0.16720482965919717,0.19617447876707755
154.09583333333333,0.1810820758189178,0.16684872823045888,0.1957954946854521
154.26875,0.18071402281928586,0.16649264927753268,0.19541648857129268
154.9138888888889,0.1803459698196539,0.166136592854022,0.1950374603724258
155.1798611111111,0.17997791682002207,0.1657805590138054,0.19465841003641107
155.85416666666666,0.17960986382039013,0.16542454781103788,0.19427933751053825
155.88472222222222,0.1792418108207581,0.16506855930015366,0.19390024274182643
156.83194444444445,0.17887375782112616,0.16471259353586779,0.19352112567702182
157.00208333333333,0.17850570482149425,0.1643566505731778,0.19314198626259546
158.0673611111111,0.17813765182186236,0.16400073046736632,0.1927628244447417
158.09652777777777,0.17776959882223026,0.16364483327400225,0.19238364016937565
159.07916666666668,0.17740154582259837,0.16328895904894408,0.1920044333821324
159.08819444444444,0.17703349282296643,0.16293310784834056,0.1916252040283637
159.76666666666668,0.1766654398233345,0.16257727972863373,0.19124595205313663
159.78819444444446,0.1762973868237025,0.16222147474656037,0.19086667740123134
160.05416666666667,0.17592933382407067,0.16186569295915496,0.19048738001713952
160.0611111111111,0.1755612808244387,0.1615099344237507,0.19010805984506124
160.07847222222222,0.17519322782480679,0.16115419919798252,0.18972871682890413
160.91319444444446,0.17482517482517476,0.160798487339789,0.1893493509122802
160.95763888888888,0.17445712182554288,0.16044279890741456,0.18896996203850472
160.97083333333333,0.1740890688259108,0.16008713395941143,0.1885905501505928
161.2173611111111,0.17372101582627886,0.15973149255464253,0.18821111519125885
162.1625,0.17335296282664697,0.159375874752283,0.18783165710291283
162.30277777777778,0.17335296282664697,0.159375874752283,0.18783165710291283
162.97916666666666,0.1729841267355264,0.1590194865549759,0.18745140864492874
163.08055555555555,0.17261529064440598,0.15866312228524784,0.1870711367468364
163.09097222222223,0.1722464545532854,0.15830678200366746,0.18669084134968505
163.2722222222222,0.1722464545532854,0.15830678200366746,0.18669084134968505
163.34444444444443,0.1722464545532854,0.15830678200366746,0.18669084134968505
164.05277777777778,0.1718760320703752,0.15794885682079207,0.18630896868060956
164.09791666666666,0.1715056095874649,0.1575909561724785,0.18592707199174385
165.05416666666667,0.17113518710455458,0.15723308012119444,0.1855451512222799
165.1,0.17076476462164433,0.15687522872974669,0.18516320631108008
165.86805555555554,0.17039434213873408,0.15651740206128364,0.18478123719667425
166.9777777777778,0.17002391965582375,0.15615960017929845,0.18439924381725772
166.98194444444445,0.1696534971729135,0.15580182314763116,0.18401722611068894
167.76111111111112,0.16928307469000323,0.15544407103047123,0.18363518401448625
167.98888888888888,0.16891265220709292,0.1550863438923605,0.18325311746582618
168.00208333333333,0.16854222972418254,0.15472864179819557,0.18287102640154
168.0402777777778,0.16817180724127234,0.1543709648132308,0.18248891075811227
168.56944444444446,0.16817180724127234,0.1543709648132308,0.18248891075811227
168.9013888888889,0.16780056704868676,0.1540124836892667,0.18210596973764104
168.9451388888889,0.16742932685610115,0.1536540280332581,0.18172300379474596
168.95,0.16705808666351554,0.15329559791205494,0.18134001286435425
168.99791666666667,0.16668684647092996,0.15293719339287962,0.18095699688103142
169.01597222222222,0.1663156062783443,0.15257881454332967,0.18057395577897825
169.06944444444446,0.1659443660857588,0.15222046143138127,0.18019088949202836
169.07222222222222,0.1655731258931732,0.15186213412539104,0.17980779795364463
169.13055555555556,0.16520188570058755,0.15150383269410003,0.17942468109691748
169.19930555555555,0.16483064550800197,0.1511455572066363,0.1790415388545611
169.96875,0.1644594053154164,0.1507873077325178,0.17865837115891087
170.41666666666666,0.1644594053154164,0.1507873077325178,0.17865837115891087
170.54652777777778,0.1644594053154164,0.1507873077325178,0.17865837115891087
171.0076388888889,0.16408648149383942,0.15042737680482396,0.17827352959163553
171.46319444444444,0.16408648149383942,0.15042737680482396,0.17827352959163553
171.96180555555554,0.16371270818747533,0.1500666107126625,0.1778878305822634
172.0125,0.16333893488111115,0.149705871578946,0.17750210521866586
172.02083333333334,0.16296516157474708,0.14934515947647556,0.1771163534299691
172.0638888888889,0.162591388268383,0.14898447447847124,0.17673057514489196
172.3659722222222,0.162591388268383,0.14898447447847124,0.17673057514489196
172.45416666666668,0.162591388268383,0.14898447447847124,0.17673057514489196
173.0402777777778,0.1622158885264238,0.14862206483344,0.1763430811426483
173.21597222222223,0.16184038878446436,0.14825968295525221,0.17595556001261248
173.22847222222222,0.16146488904250506,0.14789732891959617,0.1755680116810931
173.88819444444445,0.16108938930054578,0.14753500280260196,0.17518043607396877
174.07222222222222,0.16071388955858643,0.14717270468084526,0.17479283311668564
174.92916666666667,0.1603383898166272,0.14681043463135132,0.1744052027342538
174.93472222222223,0.1599628900746679,0.14644819273159798,0.17401754485124338
174.9375,0.15958739033270858,0.14608597905951956,0.17362985939178135
175.4,0.15958739033270858,0.14608597905951956,0.17362985939178135
175.86805555555554,0.15921100497815024,0.14572289499866226,0.17324128000026842
175.86944444444444,0.15883461962359208,0.1453598395954236,0.17285267262082793
175.90347222222223,0.15845823426903372,0.14499681292977595,0.17246403717560035
175.95555555555555,0.15808184891447546,0.14463381508216927,0.17207537358626376
176.02777777777777,0.15770546355991716,0.14427084613353364,0.17168668177402902
176.07291666666666,0.15732907820535894,0.14390790616528432,0.1712979616596368
176.96944444444443,0.15695269285080068,0.14354499525932496,0.17090921316335314
177.22083333333333,0.15657630749624238,0.14318211349805218,0.1705204362049659
177.30902777777777,0.15619992214168404,0.14281926096435907,0.17013163070378062
178.00416666666666,0.15582353678712582,0.14245643774163996,0.16974279657861688
178.02708333333334,0.15544715143256763,0.14209364391379417,0.16935393374780378
178.04166666666666,0.15507076607800932,0.14173087956522987,0.16896504212917593
178.1965277777778,0.15469438072345096,0.14136814478086904,0.16857612164006977
178.57638888888889,0.15469438072345096,0.14136814478086904,0.16857612164006977
178.63611111111112,0.15469438072345096,0.14136814478086904,0.16857612164006977
179.14305555555555,0.15431615485371136,0.14100357213561113,0.1681853721653341
179.92013888888889,0.15393792898397185,0.140639029820309,0.16779459308998326
180.85,0.15355970311423242,0.1402745179229225,0.16740378432838912
181.01458333333332,0.15318147724449288,0.13991003653195533,0.16701294579439604
181.02916666666667,0.1528032513747535,0.1395455857364595,0.1666220774013167
181.0361111111111,0.15242502550501388,0.13918116562603947,0.16623117906192658
181.04583333333332,0.15204679963527448,0.13881677629085779,0.16584025068846103
181.14930555555554,0.151668573765535,0.1384524178216388,0.16544929219260884
181.46458333333334,0.151668573765535,0.1384524178216388,0.16544929219260884
181.47916666666666,0.151668573765535,0.1384524178216388,0.16544929219260884
181.88611111111112,0.1512884520267742,0.13808616625228168,0.1650564500777472
181.91319444444446,0.15090833028801354,0.13771994636808607,0.1646635770593548
182.1513888888889,0.15052820854925275,0.13735375826310456,0.16427067304587484
182.22083333333333,0.15052820854925275,0.13735375826310456,0.16427067304587484
182.49722222222223,0.15052820854925275,0.13735375826310456,0.16427067304587484
182.80902777777777,0.1501461572585186,0.13698564301838442,0.1638758525873995
182.92777777777778,0.1497641059677844,0.13661756040584724,0.1634810003205095
183.1,0.14938205467705032,0.1362495105230364,0.163086116150245
183.13472222222222,0.14900000338631617,0.1358814934681221,0.16269119998103762
183.57361111111112,0.14900000338631617,0.1358814934681221,0.16269119998103762
183.87847222222223,0.14861696995858795,0.13551251197935527,0.16229529241900775
184.05277777777778,0.14823393653085962,0.1351435638622213,0.16189935233757688
184.86388888888888,0.1478509031031313,0.13477464921769264,0.16150337963845002
185.0402777777778,0.147467869675403,0.1344057681473994,0.16110737422269447
185.11458333333334,0.14708483624767466,0.13403692075363494,0.16071133599073378
185.87152777777777,0.14670180281994627,0.13366810713936206,0.16031526484234276
185.9,0.14631876939221802,0.13329932740821915,0.15991916067664083
186.10208333333333,0.14593573596448972,0.13293058166452545,0.1595230233920865
186.47430555555556,0.14593573596448972,0.13293058166452545,0.1595230233920865
186.5402777777778,0.14593573596448972,0.13293058166452545,0.1595230233920865
186.72291666666666,0.1455506812521824,0.13255981724730914,0.15912487918369883
187.0673611111111,0.14516562653987503,0.13218908776545937,0.1587267009525234
187.07708333333332,0.14478057182756765,0.1318183933273228,0.15832848859309553
187.9361111111111,0.14439551711526025,0.13144773404197058,0.15793024199924777
188.0048611111111,0.14401046240295295,0.13107711001920522,0.15753196106410366
188.0263888888889,0.1436254076906456,0.13070652136956684,0.1571336456800712
188.1611111111111,0.14324035297833815,0.13033596820434037,0.15673529573883596
188.74027777777778,0.14285529826603083,0.1299654506355627,0.15633691113135545
188.88958333333332,0.14247024355372342,0.12959496877602864,0.155938491747851
188.94583333333333,0.1420851888414161,0.12922452273929907,0.15554003747780198
188.98611111111111,0.1417001341291088,0.1288541126397071,0.1551415482099386
189.07638888888889,0.14131507941680144,0.12848373859236592,0.1547430238322345
189.09930555555556,0.14093002470449398,0.12811340071317576,0.15434446423190049
189.3659722222222,0.14093002470449398,0.12811340071317576,0.15434446423190049
189.39583333333334,0.14093002470449398,0.12811340071317576,0.15434446423190049
189.7722222222222,0.14054285430695412,0.12774095049130882,0.15394380415636005
189.96041666666667,0.1401556839094144,0.12736853748878357,0.15354310785565167
189.96180555555554,0.1397685135118745,0.1269961618261663,0.15314237521244312
190.00208333333333,0.13938134311433473,0.12662382362486294,0.1527416061085893
192.8048611111111,0.13899417271679487,0.12625152300712592,0.15234080042512324
193.1826388888889,0.13860700231925507,0.12587926009606348,0.15193995804224963
193.23402777777778,0.13821983192171522,0.12550703501564692,0.15153907883933554
193.31319444444443,0.13783266152417545,0.12513484789071946,0.15113816269490332
193.93541666666667,0.13744549112663565,0.12476269884700443,0.15073720948662217
195.05694444444444,0.13705832072909577,0.12439058801111362,0.15033621909129966
195.1,0.13667115033155597,0.12401851551055625,0.14993519138487407
195.89444444444445,0.13628397993401614,0.12364648147374746,0.1495341262424052
195.9611111111111,0.1358968095364763,0.12327448603001714,0.14913302353806612
195.99930555555557,0.1355096391389365,0.12290252930961894,0.1487318831451347
196.01041666666666,0.1351224687413967,0.12253061144373933,0.1483307049359846
196.15069444444444,0.13473529834385692,0.1221587325645068,0.1479294887820764
197.06527777777777,0.1343481279463171,0.12178689280500078,0.1475282345539486
197.575,0.1343481279463171,0.12178689280500078,0.1475282345539486
197.9,0.133959838559189,0.1214139562763575,0.14712585000916537
198.03402777777777,0.13357154917206085,0.12104105959948036,0.1467234266893202
198.15833333333333,0.13318325978493273,0.12066820291173222,0.14632096446079126
198.89305555555555,0.13279497039780463,0.1202953863514792,0.14591846318898388
199.9,0.13240668101067662,0.11992261005810109,0.14551592273832117
199.94097222222223,0.1320183916235486,0.11954987417200133,0.14511334297223377
200.13958333333332,0.1316301022364204,0.11917717883461766,0.14471072375315028
200.15625,0.13124181284929237,0.11880452418843274,0.1443080649424874
200.97222222222223,0.13085352346216425,0.11843191037698382,0.14390536640063853
201.0236111111111,0.13046523407503618,0.11805933754487487,0.14350262798696456
201.1236111111111,0.1300769446879081,0.11768680583778615,0.1430998495597826
201.82569444444445,0.12968865530078008,0.11731431540248632,0.14269703097635564
201.8625,0.12930036591365196,0.11694186638684285,0.1422941720928813
201.95277777777778,0.1289120765265238,0.1165694589398337,0.14189127276448155
202.16805555555555,0.12852378713939577,0.11619709321155916,0.1414883328451911
202.8673611111111,0.12813549775226765,0.11582476935325273,0.14108535218794602
202.92430555555555,0.12774720836513961,0.11545248751729348,0.1406823306445727
202.93472222222223,0.12735891897801158,0.11508024785721784,0.14027926806577595
203.00208333333333,0.12697062959088345,0.11470805052773173,0.13987616430112748
203.4388888888889,0.12697062959088345,0.11470805052773173,0.13987616430112748
204.5125,0.12697062959088345,0.11470805052773173,0.13987616430112748
204.99166666666667,0.1265799507306038,0.11433347089503063,0.13947068747679056
205.06180555555557,0.12618927187032417,0.11395893497803487,0.13906516814509673
205.0638888888889,0.12579859301004456,0.11358444293847617,0.1386596061487912
205.23333333333332,0.1254079141497649,0.11320999493934263,0.13825400132940188
205.82430555555555,0.12501723528948525,0.11283559114489214,0.13784835352722707
205.9763888888889,0.1246265564292056,0.11246123172066616,0.13744266258132157
206.02083333333334,0.12423587756892598,0.11208691683350305,0.13703692832948366
206.8763888888889,0.1238451987086463,0.11171264665155278,0.13663115060824124
206.9125,0.12345451984836672,0.11133842134429081,0.1362253292528386
207.0090277777778,0.12306384098808706,0.1109642410825322,0.13581946409722187
207.08055555555555,0.12267316212780738,0.1105901060384468,0.1354135549740253
207.47847222222222,0.12267316212780738,0.1105901060384468,0.1354135549740253
207.81944444444446,0.12228123509225533,0.11021474983903079,0.13500638413247573
207.8673611111111,0.12149738102115114,0.10946417609265202,0.13419190767212943
207.9326388888889,0.12110545398559906,0.10908895890375096,0.13378460170529086
208.03472222222223,0.12071352695004686,0.10871378841216094,0.13337725034631207
208.0388888888889,0.12032159991449477,0.10833866480055396,0.13296985341764636
209.88333333333333,0.1199296728789427,0.10796358825308744,0.13256241074030792
209.98055555555555,0.11953774584339064,0.1075885589554213,0.13215492213385593
210.43541666666667,0.11953774584339064,0.1075885589554213,0.13215492213385593
210.92430555555555,0.1191445295741689,0.10721226898134945,0.1317461300868892
210.96319444444444,0.11875131330494727,0.1068360272699054,0.1313372911410347
210.97222222222223,0.11835809703572554,0.10645983401357383,0.1309284051092326
211.08402777777778,0.11796488076650388,0.10608368940643681,0.13051947180287718
211.42430555555555,0.11796488076650388,0.10608368940643681,0.13051947180287718
212.48263888888889,0.11796488076650388,0.10608368940643681,0.13051947180287718
212.8111111111111,0.1175690254619183,0.10570491504527386,0.13010791877017075
213.10694444444445,0.11717317015733267,0.10532619107113672,0.12969631680470636
213.89583333333334,0.11677731485274716,0.10494751768774445,0.12928466570852826
214.0715277777778,0.11638145954816151,0.10456889510054221,0.12887296528200848
214.11805555555554,0.115985604243576,0.10419032351672211,0.12846121532382943
214.11875,0.11558974893899036,0.1038118031452431,0.128049415630962
214.56041666666667,0.11558974893899036,0.1038118031452431,0.128049415630962
214.9361111111111,0.11519253330689758,0.1034319531690331,0.12763624079346408
215.14513888888888,0.11479531767480486,0.10305215554966261,0.12722301512551484
215.85069444444446,0.1143981020427121,0.1026724105041177,0.1268097384163057
215.9701388888889,0.11400088641061937,0.10229271825126789,0.12639641045320565
216.12569444444443,0.11360367077852655,0.10191307901188816,0.12598303102173924
216.15555555555557,0.11320645514643386,0.10153349300868232,0.12556959990556493
216.85555555555555,0.1128092395143411,0.10115396046630565,0.12515611688645165
216.92083333333332,0.11241202388224834,0.10077448161138913,0.12474258174425679
216.9673611111111,0.11201480825015561,0.10039505667256311,0.12432899425690304
216.99652777777777,0.1116175926180628,0.10001568588048171,0.12391535420035397
217.02847222222223,0.11122037698597004,0.09963636946784783,0.12350166134859142
217.04652777777778,0.1108231613538773,0.09925710766943788,0.12308791547358995
217.14375,0.11042594572178456,0.09887790072212763,0.12267411634529272
217.8972222222222,0.11002873008969183,0.09849874886491822,0.1222602637315867
217.9638888888889,0.10963151445759903,0.09811965233896228,0.12184635739827625
218.48194444444445,0.10963151445759903,0.09811965233896228,0.12184635739827625
218.95486111111111,0.10923285440502593,0.09773914576559216,0.1214309901431207
218.97222222222223,0.10883419435245283,0.09735869583737754,0.12101556791038987
219.96875,0.10843553429987977,0.09697830280529333,0.12060009045637567
220.9361111111111,0.10803687424730665,0.09659796692261557,0.12018455753514297
221.20763888888888,0.10763821419473359,0.09621768844495145,0.11976896889850223
222.64444444444445,0.10723955414216046,0.09583746763026814,0.11935332429598004
223.0625,0.10684089408958736,0.0954573047389236,0.11893762347479056
223.95208333333332,0.1064422340370143,0.09507720003369714,0.11852186617980552
223.97291666666666,0.10604357398444121,0.0946971537798202,0.11810605215352425
223.99722222222223,0.1056449139318681,0.09431716624500874,0.11769018113604285
224.00416666666666,0.10524625387929501,0.09393723769949491,0.11727425286502334
224.02569444444444,0.10484759382672196,0.0935573684160604,0.11685826707566184
224.03680555555556,0.10444893377414882,0.09317755867006912,0.11644222350065599
224.85972222222222,0.1040502737215758,0.09279780873950204,0.11602612187017311
226.82569444444445,0.10365161366900266,0.0924181189049906,0.11560996191181559
227.2861111111111,0.10325295361642955,0.09203848944985293,0.11519374335058818
229.0326388888889,0.1028542935638565,0.09165892066012889,0.11477746590886288
229.83958333333334,0.10245563351128345,0.09127941282461638,0.11436112930634396
230.00347222222223,0.10205697345871032,0.09089996623490855,0.11394473326003221
230.11805555555554,0.10165831340613721,0.09052058118543156,0.1135282774841889
230.925,0.10125965335356416,0.09014125797348232,0.11311176169029867
230.98402777777778,0.10086099330099109,0.0897619968992678,0.11269518558703183
231.0361111111111,0.100462333248418,0.08938279826594463,0.11227854888020616
231.06041666666667,0.10006367319584486,0.08900366237965937,0.11186185127274807
231.43819444444443,0.10006367319584486,0.08900366237965937,0.11186185127274807
231.91041666666666,0.0996634185030615,0.08862297340799544,0.11144353914081907
233.11388888888888,0.09926316381027817,0.08824234883527375,0.11102516452666407
233.39166666666668,0.09926316381027817,0.08824234883527375,0.11102516452666407
233.98541666666668,0.09886128865315148,0.08786014609442314,0.1106051494949255
235.02777777777777,0.09845941349602493,0.08747800946598736,0.11018507034050518
235.50277777777777,0.09845941349602493,0.08747800946598736,0.11018507034050518
235.89375,0.09805589130956575,0.08709426887146816,0.10976332413753351
235.90902777777777,0.0976523691231067,0.08671059616743963,0.10934151210966507
236.01180555555555,0.09724884693664752,0.08632699169682786,0.10891963392424543
236.7409722222222,0.09684532475018841,0.08594345580610056,0.10849768924519748
237.8736111111111,0.09644180256372933,0.08555998884531761,0.10807567773297197
237.9597222222222,0.09603828037727022,0.08517659116818276,0.10765359904449764
238.0548611111111,0.09563475819081109,0.08479326313209648,0.10723145283313049
238.42361111111111,0.09563475819081109,0.08479326313209648,0.10723145283313049
240.02152777777778,0.0952295261645788,0.08440827103700528,0.10680757576944837
240.4013888888889,0.0952295261645788,0.08440827103700528,0.10680757576944837
240.81597222222223,0.09482256237755061,0.08402159342837767,0.10638194606606692
241.58263888888888,0.09482256237755061,0.08402159342837767,0.10638194606606692
241.77777777777777,0.09441384443626806,0.08363320838996904,0.10595454147154197
242.22083333333333,0.09400512649498556,0.08324489822788605,0.10552706435219658
242.92430555555555,0.09359640855370302,0.08285666333647848,0.10509951432566854
243.3034722222222,0.09318769061242047,0.08246850411438811,0.10467189100545016
244.69722222222222,0.09277897267113792,0.08208042096461302,0.10424419400082498
245.02430555555554,0.09237025472985538,0.081692414294574,0.10381642291680468
245.04444444444445,0.0919615367885728,0.08130448451618136,0.10338857735406382
245.24652777777777,0.09155281884729023,0.0809166320459042,0.10296065690887402
245.76388888888889,0.09114410090600772,0.0805288573048399,0.10253266117303607
246.06875,0.09073538296472515,0.08014116071878574,0.10210458973381127
246.08541666666667,0.0903266650234426,0.07975354271831185,0.10167644217385134
246.17222222222222,0.08991794708216011,0.07936600373883551,0.10124821807112654
247.02152777777778,0.08950922914087754,0.07897854422069663,0.10081991699885251
247.05555555555554,0.08910051119959497,0.07859116460923571,0.10039153852541596
247.89791666666667,0.08869179325831246,0.07820386535487253,0.09996308221429855
248.30625,0.08828307531702992,0.07781664691318657,0.0995345476239988
248.92430555555555,0.08787435737574732,0.0774295097449995,0.09910593430795317
248.9388888888889,0.08746563943446478,0.07704245431645929,0.09867724181445525
249.82083333333333,0.08705692149318228,0.07665548109912554,0.09824846968657289
250.95694444444445,0.0866482035518997,0.07626859057005708,0.09781961746206361
251.05416666666667,0.08623948561061717,0.07588178321190174,0.09739068467328935
251.15069444444444,0.0858307676693346,0.07549505951298706,0.09696167084712755
251.42569444444445,0.0858307676693346,0.07549505951298706,0.09696167084712755
251.57569444444445,0.0858307676693346,0.07549505951298706,0.09696167084712755
254.52152777777778,0.0858307676693346,0.07549505951298706,0.09696167084712755
257.8277777777778,0.0854161262796277,0.07510241166896894,0.09652682672205849
257.89444444444445,0.08500148488992079,0.0747098535389497,0.09609189578917046
258.9902777777778,0.08458684350021381,0.07431738565564604,0.0956568775325029
259.7909722222222,0.08417220211050688,0.07392500855827476,0.09522177142982284
261.43611111111113,0.08417220211050688,0.07392500855827476,0.09522177142982284
261.65763888888887,0.08375550804065286,0.07353063888826958,0.09478458768594251
261.9888888888889,0.08333881397079884,0.07313636295124896,0.09434731327618111
262.0340277777778,0.08292211990094486,0.072742181316535,0.09390994764926355
262.18194444444447,0.08250542583109088,0.07234809456057259,0.09347249024704275
263.04791666666665,0.08208873176123689,0.07195410326705316,0.09303494050438046
265.17569444444445,0.08167203769138286,0.07156020802704133,0.09259729784902536
265.5729166666667,0.08167203769138286,0.07156020802704133,0.09259729784902536
265.80833333333334,0.08125320672886295,0.07116423998546147,0.09215749216866059
265.925,0.08083437576634304,0.07076837122935425,0.0917175904834513
265.95694444444445,0.08041554480382312,0.07037260238399975,0.09127759218815444
266.17569444444445,0.08041554480382312,0.07037260238399975,0.09127759218815444
266.62291666666664,0.08041554480382312,0.07037260238399975,0.09127759218815444
266.99305555555554,0.07999230509432934,0.06997245488224839,0.09083323213492485
267.2284722222222,0.0795690653848355,0.06957241292964421,0.09038877009233984
268.0784722222222,0.07914582567534172,0.06917247720085543,0.08994420540756681
268.4638888888889,0.07914582567534172,0.06917247720085543,0.08994420540756681
269.5548611111111,0.07914582567534172,0.06917247720085543,0.08994420540756681
269.94097222222223,0.078718010401421,0.06876799453055438,0.08949511913213308
271.15833333333336,0.07829019512750025,0.06836362422613938,0.089045924355329
272.3986111111111,0.07829019512750025,0.06836362422613938,0.089045924355329
272.79375,0.07786002922020634,0.06795697406396164,0.08859435356955477
272.94652777777776,0.07742986331291235,0.0675504402774004,0.08814267044776752
273.0131944444444,0.07699969740561839,0.06714402363049612,0.08769087425107831
273.6465277777778,0.07699969740561839,0.06714402363049612,0.08769087425107831
273.8173611111111,0.07656711483592389,0.06673526381044223,0.08723663573768739
275.40833333333336,0.07656711483592389,0.06673526381044223,0.08723663573768739
275.4659722222222,0.07656711483592389,0.06673526381044223,0.08723663573768739
275.89722222222224,0.07612958846543287,0.06632158526814351,0.08677752370771412
276.8076388888889,0.07569206209494189,0.06590803467098041,0.08631828829712748
277.1361111111111,0.07525453572445086,0.06549461287617753,0.08585892867741216
277.9819444444444,0.07481700935395992,0.06508132075348168,0.08539944400799447
278.0409722222222,0.07437948298346891,0.06466815918541229,0.08493983343600099
279.0048611111111,0.0739419566129779,0.06425512906751873,0.08448009609601241
279.56666666666666,0.0739419566129779,0.06425512906751873,0.08448009609601241
280.41319444444446,0.0739419566129779,0.06425512906751873,0.08448009609601241
280.8611111111111,0.07349919040571457,0.06383688532159236,0.08401519911212973
281.60833333333335,0.07349919040571457,0.06383688532159236,0.08401519911212973
282.15833333333336,0.0730537407668921,0.06341604042248866,0.08354759456385369
282.2423611111111,0.07260829112806956,0.06299533978970556,0.0830798510263268
282.93402777777777,0.07216284148924702,0.06257478443450173,0.08261196752297412
283.0576388888889,0.07171739185042454,0.062154375383873445,0.08214394306207712
283.3618055555556,0.07171739185042454,0.062154375383873445,0.08214394306207712
283.4347222222222,0.07171739185042454,0.062154375383873445,0.08214394306207712
284.4659722222222,0.07171739185042454,0.062154375383873445,0.08214394306207712
284.8618055555556,0.0712634843070674,0.06172546430089886,0.08166768474894506
285.0701388888889,0.0708095767637103,0.061296713291262295,0.08119127236411398
286.1361111111111,0.0703556692203532,0.06086812350228097,0.08071470480045935
287.5763888888889,0.0703556692203532,0.06086812350228097,0.08071470480045935
287.90208333333334,0.0698988142254158,0.06043667791868741,0.08023516734009851
288.03125,0.06944195923047847,0.060005400220829626,0.07975546833358724
295.9888888888889,0.06898510423554109,0.059574291640154306,0.07927560659305473
296.13958333333335,0.06852824924060373,0.059143353428807194,0.07879558091073219
296.99652777777777,0.06807139424566638,0.05871258686010198,0.07831539005850245
301.0083333333333,0.067614539250729,0.058281993229004216,0.07783503278743656
301.7729166666667,0.06715768425579165,0.05785157385262921,0.07735450782731645
302.01875,0.0667008292608543,0.05742133007075542,0.07687381388614323
304.07916666666665,0.06624397426591694,0.05699126324635312,0.07639294964962991
304.52777777777777,0.06624397426591694,0.05699126324635312,0.07639294964962991
304.9472222222222,0.06578394666684804,0.05655812891614032,0.07590888723142614
305.8263888888889,0.06532391906777921,0.056125179413981305,0.07542464700115524
306.95972222222224,0.06486389146871034,0.05569241620998667,0.07494022754178152
307.025,0.06440386386964143,0.0552598408006175,0.07445562741095736
307.79375,0.06394383627057257,0.054827454709326574,0.07397084514040872
308.5486111111111,0.06394383627057257,0.054827454709326574,0.07397084514040872
310.2909722222222,0.0634804751381771,0.05439184908918207,0.0734827025959051
311.84375,0.06301711400578167,0.05395644158667537,0.07299436950964693
312.0472222222222,0.0625537528733862,0.053521233850397955,0.07250584429342545
312.7548611111111,0.06209039174099072,0.05308622755977864,0.07201712532942531
313.3534722222222,0.06162703060859528,0.0526514244258679,0.07152821096947405
314.47013888888887,0.06162703060859528,0.0526514244258679,0.07152821096947405
315.0361111111111,0.06116015916459076,0.0522132350768988,0.07103575835704565
316.0486111111111,0.06069328772058626,0.05177525877198614,0.07054310091032788
316.4263888888889,0.06069328772058626,0.05177525877198614,0.07054310091032788
317.03125,0.06022279711810109,0.05133379218236028,0.07004679719782324
319.075,0.05975230651561594,0.05089254922410911,0.06955027854616541
319.37569444444443,0.05975230651561594,0.05089254922410911,0.06955027854616541
320.69930555555555,0.05927808186073012,0.05044770620238949,0.06904999969330408
321.2111111111111,0.05880385720584427,0.05000309816606862,0.06854949506650596
325.09375,0.058329632550958396,0.04955872723510801,0.06804876262631392
325.09513888888887,0.05785540789607259,0.04911459557311419,0.06754780029142189
328.43888888888887,0.05785540789607259,0.04911459557311419,0.06754780029142189
328.8951388888889,0.05737726402916287,0.048666689264115,0.06704289222552832
328.90833333333336,0.05689912016225321,0.04821903488204188,0.06653774218896644
329.0173611111111,0.056420976295343525,0.04777163479400915,0.06603234790583645
329.03194444444443,0.05594283242843382,0.047324491417923116,0.06552670705156519
332.39375,0.05546468856152411,0.04687760722395859,0.06502081725149607
333.4236111111111,0.05546468856152411,0.04687760722395859,0.06502081725149607
333.99861111111113,0.05498238692185869,0.046426724713957056,0.06451074207912395
334.02708333333334,0.054500085282193265,0.04597611584373263,0.06400040417251902
335.43125,0.054500085282193265,0.04597611584373263,0.06400040417251902
335.87430555555557,0.054013477377887975,0.04552136737831333,0.06348573404496831
335.9479166666667,0.05352686947358271,0.045066908189785156,0.06297078627295996
335.9583333333333,0.05304026156927738,0.044612741204376666,0.06245555804639855
338.24791666666664,0.05255365366497211,0.0441588694163527,0.061940046490066916
340.84930555555553,0.05206704576066678,0.043705295890154795,0.06142424866158484
340.8673611111111,0.051580437856361495,0.04325202376263101,0.060908161549284266
342.9715277777778,0.05109382995205619,0.042799056245359304,0.06039178206999402
343.3298611111111,0.0506072220477509,0.042346396627069675,0.059875107066732235
344.0652777777778,0.05012061414344562,0.041894048276169785,0.05935813330629943
345.0861111111111,0.04963400623914029,0.04144201464337993,0.058840857476768385
345.12361111111113,0.04914739833483503,0.04099029926448335,0.058323276184864756
345.90277777777777,0.04866079043052974,0.040538905763196784,0.0578053859532323
346.25416666666666,0.048174182526224414,0.040087837854170194,0.0572871832175774
350.15694444444443,0.047687574621919145,0.03963709934612048,0.05676866432368541
353.9263888888889,0.047200966717613826,0.03918669414510773,0.05624982552430155
355.10069444444446,0.04671435881330852,0.03873662625796196,0.055730662975870274
356.875,0.04622775090900323,0.03828689979586867,0.05521117273512319
361.9791666666667,0.045741143004697934,0.037837518978122375,0.05469135075550792
363.9291666666667,0.04525453510039266,0.03738848813605792,0.054171192883449
364.01875,0.044767927196087354,0.03693981171716974,0.053650694854430414
364.0784722222222,0.044281319291782036,0.036491494289430826,0.053129852288889216
364.9159722222222,0.043794711387476745,0.036043540545822234,0.052608660687909585
365.9326388888889,0.04330810348317144,0.03559595530908717,0.052087115428704735
368.06944444444446,0.04282149557886617,0.035148743536722385,0.051565211759874184
369.0861111111111,0.04233488767456085,0.03470191032622191,0.051042944796421796
370.87638888888887,0.04184827977025554,0.03425546092058938,0.0505203095145213
370.98541666666665,0.04136167186595027,0.0338094007141351,0.04999730074601116
372.0409722222222,0.040875063961644954,0.033363735258576555,0.049473913172603086
376.21180555555554,0.040388456057339685,0.032918470269462416,0.048950141319786096
376.8576388888889,0.03990184815303438,0.03247361163294015,0.04842597955040419
379.1486111111111,0.03941524024872909,0.03202916541289163,0.047901422057888395
384.9895833333333,0.03892863234442376,0.031585137858459754,0.047376462859118715
385.03333333333336,0.03844202444011848,0.031141535411994326,0.046851095786891415
385.15486111111113,0.03795541653581318,0.030698364717444523,0.04632531448196398
386.0909722222222,0.037468808631507894,0.030255632629230596,0.0457991123846498
387.00694444444446,0.03698220072720259,0.029813346221627703,0.04527248272592921
388.19166666666666,0.03649559282289728,0.029371512798698814,0.0447454185180439
391.00902777777776,0.03600898491859201,0.02893013990481684,0.04421791254453651
391.9638888888889,0.03552237701428669,0.02848923533581884,0.04368995734969496
392.9638888888889,0.0350357691099814,0.028048807150839968,0.04316154522735829
393.0548611111111,0.0345491612056761,0.02760886368487806,0.042632668209034365
393.1041666666667,0.03406255330137082,0.027169413562145344,0.042103318051279016
407.8277777777778,0.033575945397065515,0.026730465710267992,0.041573486222277696
411.0861111111111,0.03308933749276022,0.02629202937540109,0.04104316388756858
414.8854166666667,0.0326027295884549,0.025854114138331455,0.04051234189483824
417.1048611111111,0.0321161216841496,0.025416729931649194,0.0399810107577149
421.0236111111111,0.03162951377984431,0.024979887058075915,0.03944916063847787
426.98819444444445,0.03114290587553901,0.024543596210046512,0.03891678132959238
434.15833333333336,0.03065629797123372,0.02410786849065085,0.03838386223397137
437.15486111111113,0.03016969006692843,0.023672715436053347,0.03785039234385444
439.9951388888889,0.029683082162623133,0.02323814903951939,0.037316360218184234
442.0229166666667,0.029196474258317826,0.0228041817771929,0.03678175395834696
455.1118055555556,0.028709866354012542,0.022370826635782878,0.03624656118212998
459.0486111111111,0.02822325844970723,0.021938097142335574,0.03571076899573351
460.8152777777778,0.027736650545401944,0.021506007396287625,0.03517436396365585
482.87152777777777,0.027250042641096654,0.02107457210401798,0.03463733207625063
484.02986111111113,0.026763434736791353,0.02064380661614122,0.03409965871473202
494.10833333333335,0.026276826832486052,0.020213726967813227,0.03356132861337911
499.96458333333334,0.025790218928180755,0.019784349922353017,0.03302232581865819
500.21944444444443,0.02530361102387546,0.0193556930185202,0.03248263364495215
505.82708333333335,0.024817003119570157,0.018927774621831078,0.03194223462654433
526.4625,0.024817003119570157,0.018927774621831078,0.03194223462654433
537.8951388888889,0.02432066305717875,0.018490924217738604,0.03139198028874228
540.1506944444444,0.02382432299478736,0.018054916237236793,0.03084092075803819
542.3979166666667,0.02382432299478736,0.018054916237236793,0.03084092075803819
547.3777777777777,0.02382432299478736,0.018054916237236793,0.03084092075803819
547.4618055555555,0.02382432299478736,0.018054916237236793,0.03084092075803819
554.4493055555556,0.02382432299478736,0.018054916237236793,0.03084092075803819
556.9340277777778,0.023282861108542195,0.017574363555044055,0.03024760230002241
560.0,0.02274139922229703,0.017095071734944782,0.029653083407594105
561.3902777777778,0.02274139922229703,0.017095071734944782,0.029653083407594105
561.3965277777778,0.02274139922229703,0.017095071734944782,0.029653083407594105
569.8444444444444,0.0221728642417396,0.01658946488191062,0.029033169844037494
578.7534722222222,0.021604329261182175,0.016085477921688834,0.0284117169339645
581.45,0.021604329261182175,0.016085477921688834,0.0284117169339645
582.1034722222222,0.021020428470339414,0.015567402661897897,0.027775201852376998
582.8659722222222,0.020436527679496653,0.015051236316605552,0.02713687512854191
583.4368055555556,0.020436527679496653,0.015051236316605552,0.02713687512854191
588.4159722222222,0.020436527679496653,0.015051236316605552,0.02713687512854191
588.5083333333333,0.020436527679496653,0.015051236316605552,0.02713687512854191
589.5020833333333,0.020436527679496653,0.015051236316605552,0.02713687512854191
599.4875,0.020436527679496653,0.015051236316605552,0.02713687512854191
601.9111111111112,0.019755310090180098,0.014435208184841739,0.02641539136933097
601.9256944444444,0.01907409250086354,0.01382292712098412,0.025690361428423923
606.46875,0.01907409250086354,0.01382292712098412,0.025690361428423923
611.4069444444444,0.01907409250086354,0.01382292712098412,0.025690361428423923
616.5902777777778,0.01907409250086354,0.01382292712098412,0.025690361428423923
617.4854166666667,0.01907409250086354,0.01382292712098412,0.025690361428423923
618.6027777777778,0.01907409250086354,0.01382292712098412,0.025690361428423923
620.3243055555556,0.01907409250086354,0.01382292712098412,0.025690361428423923
620.3986111111111,0.01907409250086354,0.01382292712098412,0.025690361428423923
620.4333333333333,0.01907409250086354,0.01382292712098412,0.025690361428423923
623.4479166666666,0.01907409250086354,0.01382292712098412,0.025690361428423923
634.4777777777778,0.01907409250086354,0.01382292712098412,0.025690361428423923
637.5923611111111,0.01907409250086354,0.01382292712098412,0.025690361428423923
642.23125,0.01795208705963626,0.012705578798455047,0.024680236146058618
644.3881944444445,0.01795208705963626,0.012705578798455047,0.024680236146058618
652.5729166666666,0.01795208705963626,0.012705578798455047,0.024680236146058618
665.2680555555555,0.01795208705963626,0.012705578798455047,0.024680236146058618
665.3736111111111,0.01795208705963626,0.012705578798455047,0.024680236146058618
665.5965277777777,0.01795208705963626,0.012705578798455047,0.024680236146058618
667.4993055555556,0.01795208705963626,0.012705578798455047,0.024680236146058618
668.5375,0.01795208705963626,0.012705578798455047,0.024680236146058618
673.34375,0.01795208705963626,0.012705578798455047,0.024680236146058618
676.5319444444444,0.01795208705963626,0.012705578798455047,0.024680236146058618
681.51875,0.01795208705963626,0.012705578798455047,0.024680236146058618
682.3819444444445,0.01795208705963626,0.012705578798455047,0.024680236146058618
693.5805555555555,0.01795208705963626,0.012705578798455047,0.024680236146058618
694.3361111111111,0.01795208705963626,0.012705578798455047,0.024680236146058618
694.3756944444444,0.01795208705963626,0.012705578798455047,0.024680236146058618
695.5020833333333,0.01795208705963626,0.012705578798455047,0.024680236146058618
697.5138888888889,0.01795208705963626,0.012705578798455047,0.024680236146058618
